idna_subject,checker_type,destination,source,tested_at,session_id
1001tutorial.com,AVAILABILITY,origin.list,origin.list,2021-10-02 05:40:20.052782,27f61cea2c04749adf4c1c65
1001win1.live,AVAILABILITY,origin.list,origin.list,2021-10-02 05:40:21.912383,27f61cea2c04749adf4c1c65
103.194.171.18,AVAILABILITY,origin.list,origin.list,2021-10-02 05:40:22.389353,27f61cea2c04749adf4c1c65
103.194.171.185,AVAILABILITY,origin.list,origin.list,2021-10-02 05:40:22.778530,27f61cea2c04749adf4c1c65
103.194.171.205,AVAILABILITY,origin.list,origin.list,2021-10-02 05:40:23.214313,27f61cea2c04749adf4c1c65
103.194.171.75,AVAILABILITY,origin.list,origin.list,2021-10-02 05:40:23.597665,27f61cea2c04749adf4c1c65
103.9.100.20,AVAILABILITY,origin.list,origin.list,2021-10-02 05:40:23.967609,27f61cea2c04749adf4c1c65
104.161.33.103,AVAILABILITY,origin.list,origin.list,2021-10-02 05:40:24.413927,27f61cea2c04749adf4c1c65
107.152.36.57,AVAILABILITY,origin.list,origin.list,2021-10-02 05:40:25.115209,27f61cea2c04749adf4c1c65
107.152.46.207,AVAILABILITY,origin.list,origin.list,2021-10-02 05:40:25.574727,27f61cea2c04749adf4c1c65
111.90.142.151,AVAILABILITY,origin.list,origin.list,2021-10-02 05:40:26.178538,27f61cea2c04749adf4c1c65
111.90.150.31,AVAILABILITY,origin.list,origin.list,2021-10-02 05:40:26.779809,27f61cea2c04749adf4c1c65
114.6.128.4,AVAILABILITY,origin.list,origin.list,2021-10-02 05:40:27.179496,27f61cea2c04749adf4c1c65
139.99.120.222,AVAILABILITY,origin.list,origin.list,2021-10-02 05:40:27.684382,27f61cea2c04749adf4c1c65
139.99.33.192,AVAILABILITY,origin.list,origin.list,2021-10-02 05:40:27.993884,27f61cea2c04749adf4c1c65
139.99.33.240,AVAILABILITY,origin.list,origin.list,2021-10-02 05:40:28.301894,27f61cea2c04749adf4c1c65
139.99.33.244,AVAILABILITY,origin.list,origin.list,2021-10-02 05:40:28.611218,27f61cea2c04749adf4c1c65
139.99.33.248,AVAILABILITY,origin.list,origin.list,2021-10-02 05:40:28.913535,27f61cea2c04749adf4c1c65
139.99.33.249,AVAILABILITY,origin.list,origin.list,2021-10-02 05:40:29.216342,27f61cea2c04749adf4c1c65
139.99.61.225,AVAILABILITY,origin.list,origin.list,2021-10-02 05:40:29.520368,27f61cea2c04749adf4c1c65
142.4.222.52,AVAILABILITY,origin.list,origin.list,2021-10-02 05:40:29.893015,27f61cea2c04749adf4c1c65
144.91.105.32,AVAILABILITY,origin.list,origin.list,2021-10-02 05:40:30.278769,27f61cea2c04749adf4c1c65
144.91.116.224,AVAILABILITY,origin.list,origin.list,2021-10-02 05:40:30.668536,27f61cea2c04749adf4c1c65
144.91.98.14,AVAILABILITY,origin.list,origin.list,2021-10-02 05:40:31.053951,27f61cea2c04749adf4c1c65
148.163.72.92,AVAILABILITY,origin.list,origin.list,2021-10-02 05:40:31.484100,27f61cea2c04749adf4c1c65
149.28.158.117,AVAILABILITY,origin.list,origin.list,2021-10-02 05:40:31.849863,27f61cea2c04749adf4c1c65
149.56.24.226,AVAILABILITY,origin.list,origin.list,2021-10-02 05:40:32.356828,27f61cea2c04749adf4c1c65
158.69.0.201,AVAILABILITY,origin.list,origin.list,2021-10-02 05:40:32.665887,27f61cea2c04749adf4c1c65
159.65.11.63,AVAILABILITY,origin.list,origin.list,2021-10-02 05:40:33.412474,27f61cea2c04749adf4c1c65
162.213.249.103,AVAILABILITY,origin.list,origin.list,2021-10-02 05:40:36.362783,27f61cea2c04749adf4c1c65
166.62.7.206,AVAILABILITY,origin.list,origin.list,2021-10-02 05:40:36.738644,27f61cea2c04749adf4c1c65
167.114.3.50,AVAILABILITY,origin.list,origin.list,2021-10-02 05:40:37.040448,27f61cea2c04749adf4c1c65
167.99.31.48,AVAILABILITY,origin.list,origin.list,2021-10-02 05:40:37.819067,27f61cea2c04749adf4c1c65
172.96.189.133,AVAILABILITY,origin.list,origin.list,2021-10-02 05:40:38.249279,27f61cea2c04749adf4c1c65
172.96.189.146,AVAILABILITY,origin.list,origin.list,2021-10-02 05:40:38.523854,27f61cea2c04749adf4c1c65
173.212.233.209,AVAILABILITY,origin.list,origin.list,2021-10-02 05:40:38.904342,27f61cea2c04749adf4c1c65
174.138.17.52,AVAILABILITY,origin.list,origin.list,2021-10-02 05:40:39.847423,27f61cea2c04749adf4c1c65
185.212.128.40,AVAILABILITY,origin.list,origin.list,2021-10-02 05:40:40.622618,27f61cea2c04749adf4c1c65
185.212.128.50,AVAILABILITY,origin.list,origin.list,2021-10-02 05:40:41.221360,27f61cea2c04749adf4c1c65
185.212.128.53,AVAILABILITY,origin.list,origin.list,2021-10-02 05:40:41.784084,27f61cea2c04749adf4c1c65
185.217.95.238,AVAILABILITY,origin.list,origin.list,2021-10-02 05:40:42.159834,27f61cea2c04749adf4c1c65
185.224.130.67,AVAILABILITY,origin.list,origin.list,2021-10-02 05:40:42.579285,27f61cea2c04749adf4c1c65
185.224.83.128,AVAILABILITY,origin.list,origin.list,2021-10-02 05:40:43.076526,27f61cea2c04749adf4c1c65
185.231.223.71,AVAILABILITY,origin.list,origin.list,2021-10-02 05:40:43.452765,27f61cea2c04749adf4c1c65
185.63.253.222,AVAILABILITY,origin.list,origin.list,2021-10-02 05:40:44.880975,27f61cea2c04749adf4c1c65
185.63.253.247,AVAILABILITY,origin.list,origin.list,2021-10-02 05:40:46.398526,27f61cea2c04749adf4c1c65
193.164.131.42,AVAILABILITY,origin.list,origin.list,2021-10-02 05:40:46.784089,27f61cea2c04749adf4c1c65
194.163.128.129,AVAILABILITY,origin.list,origin.list,2021-10-02 05:40:47.169327,27f61cea2c04749adf4c1c65
194.163.152.200,AVAILABILITY,origin.list,origin.list,2021-10-02 05:40:47.589327,27f61cea2c04749adf4c1c65
194.163.183.129,AVAILABILITY,origin.list,origin.list,2021-10-02 05:40:48.273043,27f61cea2c04749adf4c1c65
194.67.196.93,AVAILABILITY,origin.list,origin.list,2021-10-02 05:40:48.782580,27f61cea2c04749adf4c1c65
195.2.81.61,AVAILABILITY,origin.list,origin.list,2021-10-02 05:40:49.347584,27f61cea2c04749adf4c1c65
199.231.164.17,AVAILABILITY,origin.list,origin.list,2021-10-02 05:40:49.855781,27f61cea2c04749adf4c1c65
199.231.164.28,AVAILABILITY,origin.list,origin.list,2021-10-02 05:40:50.168590,27f61cea2c04749adf4c1c65
1rajaiklan.com,AVAILABILITY,origin.list,origin.list,2021-10-02 05:40:52.765978,27f61cea2c04749adf4c1c65
1shortlink.com,AVAILABILITY,origin.list,origin.list,2021-10-02 05:40:55.115344,27f61cea2c04749adf4c1c65
1x2018.com,AVAILABILITY,origin.list,origin.list,2021-10-02 05:40:57.090627,27f61cea2c04749adf4c1c65
20.detik.com,AVAILABILITY,origin.list,origin.list,2021-10-02 05:41:00.083521,27f61cea2c04749adf4c1c65
204.48.22.58,AVAILABILITY,origin.list,origin.list,2021-10-02 05:41:00.830653,27f61cea2c04749adf4c1c65
207.180.252.218,AVAILABILITY,origin.list,origin.list,2021-10-02 05:41:01.215474,27f61cea2c04749adf4c1c65
213.136.91.132,AVAILABILITY,origin.list,origin.list,2021-10-02 05:41:01.601249,27f61cea2c04749adf4c1c65
213.166.69.166,AVAILABILITY,origin.list,origin.list,2021-10-02 05:41:01.980501,27f61cea2c04749adf4c1c65
213.190.4.103,AVAILABILITY,origin.list,origin.list,2021-10-02 05:41:08.697637,27f61cea2c04749adf4c1c65
21cineplex.com,AVAILABILITY,origin.list,origin.list,2021-10-02 05:41:11.420215,27f61cea2c04749adf4c1c65
23.29.125.182,AVAILABILITY,origin.list,origin.list,2021-10-02 05:41:11.809845,27f61cea2c04749adf4c1c65
33s.com,AVAILABILITY,origin.list,origin.list,2021-10-02 05:41:13.969247,27f61cea2c04749adf4c1c65
365wp.org,AVAILABILITY,origin.list,origin.list,2021-10-02 05:41:15.148135,27f61cea2c04749adf4c1c65
45.141.56.23,AVAILABILITY,origin.list,origin.list,2021-10-02 05:41:16.517968,27f61cea2c04749adf4c1c65
45.84.1.55,AVAILABILITY,origin.list,origin.list,2021-10-02 05:41:16.945522,27f61cea2c04749adf4c1c65
51.222.99.98,AVAILABILITY,origin.list,origin.list,2021-10-02 05:41:17.253954,27f61cea2c04749adf4c1c65
51.79.157.150,AVAILABILITY,origin.list,origin.list,2021-10-02 05:41:17.557685,27f61cea2c04749adf4c1c65
51.79.157.90,AVAILABILITY,origin.list,origin.list,2021-10-02 05:41:17.860415,27f61cea2c04749adf4c1c65
51.79.159.65,AVAILABILITY,origin.list,origin.list,2021-10-02 05:41:18.164401,27f61cea2c04749adf4c1c65
51.79.160.87,AVAILABILITY,origin.list,origin.list,2021-10-02 05:41:18.468483,27f61cea2c04749adf4c1c65
51.79.226.152,AVAILABILITY,origin.list,origin.list,2021-10-02 05:41:18.771894,27f61cea2c04749adf4c1c65
51.79.226.153,AVAILABILITY,origin.list,origin.list,2021-10-02 05:41:19.076414,27f61cea2c04749adf4c1c65
51.79.244.19,AVAILABILITY,origin.list,origin.list,2021-10-02 05:41:19.379286,27f61cea2c04749adf4c1c65
54.39.169.27,AVAILABILITY,origin.list,origin.list,2021-10-02 05:41:19.695502,27f61cea2c04749adf4c1c65
54.39.85.90,AVAILABILITY,origin.list,origin.list,2021-10-02 05:41:20.003076,27f61cea2c04749adf4c1c65
5news.co.id,AVAILABILITY,origin.list,origin.list,2021-10-02 05:41:24.293871,27f61cea2c04749adf4c1c65
75.119.143.213,AVAILABILITY,origin.list,origin.list,2021-10-02 05:41:24.680987,27f61cea2c04749adf4c1c65
77hoki.com,AVAILABILITY,origin.list,origin.list,2021-10-02 05:41:25.656327,27f61cea2c04749adf4c1c65
77upcash.com,AVAILABILITY,origin.list,origin.list,2021-10-02 05:41:27.894835,27f61cea2c04749adf4c1c65
7kartu.vip,AVAILABILITY,origin.list,origin.list,2021-10-02 05:41:30.405572,27f61cea2c04749adf4c1c65
85.114.138.56,AVAILABILITY,origin.list,origin.list,2021-10-02 05:41:31.131062,27f61cea2c04749adf4c1c65
91.230.121.24,AVAILABILITY,origin.list,origin.list,2021-10-02 05:41:31.384044,27f61cea2c04749adf4c1c65
91.230.121.37,AVAILABILITY,origin.list,origin.list,2021-10-02 05:41:31.630705,27f61cea2c04749adf4c1c65
95.216.163.177,AVAILABILITY,origin.list,origin.list,2021-10-02 05:41:32.048065,27f61cea2c04749adf4c1c65
abenetwork.com,AVAILABILITY,origin.list,origin.list,2021-10-02 05:41:33.951653,27f61cea2c04749adf4c1c65
absolutesmmpanel.com,AVAILABILITY,origin.list,origin.list,2021-10-02 05:41:37.162467,27f61cea2c04749adf4c1c65
accesstrade.co.id,AVAILABILITY,origin.list,origin.list,2021-10-02 05:41:39.656390,27f61cea2c04749adf4c1c65
acehasia.com,AVAILABILITY,origin.list,origin.list,2021-10-02 05:41:41.921563,27f61cea2c04749adf4c1c65
acehekspres.com,AVAILABILITY,origin.list,origin.list,2021-10-02 05:41:42.903209,27f61cea2c04749adf4c1c65
acehherald.com,AVAILABILITY,origin.list,origin.list,2021-10-02 05:41:46.637946,27f61cea2c04749adf4c1c65
acehmonitor.com,AVAILABILITY,origin.list,origin.list,2021-10-02 05:41:58.535334,27f61cea2c04749adf4c1c65
acehtimes.id,AVAILABILITY,origin.list,origin.list,2021-10-02 05:42:23.259690,27f61cea2c04749adf4c1c65
acehtrend.com,AVAILABILITY,origin.list,origin.list,2021-10-02 05:42:24.224741,27f61cea2c04749adf4c1c65
ad-loupe.com,AVAILABILITY,origin.list,origin.list,2021-10-02 05:42:24.984009,27f61cea2c04749adf4c1c65
ad.co.id,AVAILABILITY,origin.list,origin.list,2021-10-02 05:42:30.036797,27f61cea2c04749adf4c1c65
ad4msan.com,AVAILABILITY,origin.list,origin.list,2021-10-02 05:42:32.025829,27f61cea2c04749adf4c1c65
addesigner.com,AVAILABILITY,origin.list,origin.list,2021-10-02 05:42:33.220459,27f61cea2c04749adf4c1c65
adflazz.com,AVAILABILITY,origin.list,origin.list,2021-10-02 05:42:36.244368,27f61cea2c04749adf4c1c65
adikhealth.xyz,AVAILABILITY,origin.list,origin.list,2021-10-02 05:42:37.748394,27f61cea2c04749adf4c1c65
adplus.co.id,AVAILABILITY,origin.list,origin.list,2021-10-02 05:42:41.381280,27f61cea2c04749adf4c1c65
ads-server.hipwee.com,AVAILABILITY,origin.list,origin.list,2021-10-02 05:42:42.163852,27f61cea2c04749adf4c1c65
ads.bisnisjakarta.co.id,AVAILABILITY,origin.list,origin.list,2021-10-02 05:42:43.956582,27f61cea2c04749adf4c1c65
ads.dewarangga.com,AVAILABILITY,origin.list,origin.list,2021-10-02 05:42:44.894962,27f61cea2c04749adf4c1c65
ads.gadgetsquad.id,AVAILABILITY,origin.list,origin.list,2021-10-02 05:42:47.966052,27f61cea2c04749adf4c1c65
ads.genmuda.com,AVAILABILITY,origin.list,origin.list,2021-10-02 05:42:50.100056,27f61cea2c04749adf4c1c65
ads.id,AVAILABILITY,origin.list,origin.list,2021-10-02 05:42:53.103429,27f61cea2c04749adf4c1c65
ads.iklandaerah.com,AVAILABILITY,origin.list,origin.list,2021-10-02 05:42:56.593727,27f61cea2c04749adf4c1c65
ads.indosatooredoo.com,AVAILABILITY,origin.list,origin.list,2021-10-02 05:43:18.314536,27f61cea2c04749adf4c1c65
ads.kaskus.co.id,AVAILABILITY,origin.list,origin.list,2021-10-02 05:43:20.086881,27f61cea2c04749adf4c1c65
ads.panindai-ichilife.co.id,AVAILABILITY,origin.list,origin.list,2021-10-02 05:43:21.077255,27f61cea2c04749adf4c1c65
ads.pojoksatu.id,AVAILABILITY,origin.list,origin.list,2021-10-02 05:43:24.559353,27f61cea2c04749adf4c1c65
ads.wartaekonomi.co.id,AVAILABILITY,origin.list,origin.list,2021-10-02 05:43:26.435369,27f61cea2c04749adf4c1c65
adsafelink.com,AVAILABILITY,origin.list,origin.list,2021-10-02 05:43:27.989684,27f61cea2c04749adf4c1c65
adsafelink.net,AVAILABILITY,origin.list,origin.list,2021-10-02 05:43:29.556445,27f61cea2c04749adf4c1c65
adsimg.kompas.com,AVAILABILITY,origin.list,origin.list,2021-10-02 05:43:30.606456,27f61cea2c04749adf4c1c65
adslop.com,AVAILABILITY,origin.list,origin.list,2021-10-02 05:43:31.729232,27f61cea2c04749adf4c1c65
adsmart.detik.com,AVAILABILITY,origin.list,origin.list,2021-10-02 05:43:35.297315,27f61cea2c04749adf4c1c65
adstarsmedia.co.id,AVAILABILITY,origin.list,origin.list,2021-10-02 05:43:40.295106,27f61cea2c04749adf4c1c65
adtival.com,AVAILABILITY,origin.list,origin.list,2021-10-02 05:43:47.240043,27f61cea2c04749adf4c1c65
adventuriderz.com,AVAILABILITY,origin.list,origin.list,2021-10-02 05:43:49.046752,27f61cea2c04749adf4c1c65
advertisement.keepo.me,AVAILABILITY,origin.list,origin.list,2021-10-02 05:43:51.066578,27f61cea2c04749adf4c1c65
advertising-indonesia.id,AVAILABILITY,origin.list,origin.list,2021-10-02 05:43:52.063590,27f61cea2c04749adf4c1c65
advertising.katadata.co.id,AVAILABILITY,origin.list,origin.list,2021-10-02 05:43:53.994530,27f61cea2c04749adf4c1c65
advertising.kontan.co.id,AVAILABILITY,origin.list,origin.list,2021-10-02 05:43:56.574998,27f61cea2c04749adf4c1c65
aftermarketplus.id,AVAILABILITY,origin.list,origin.list,2021-10-02 05:44:00.476709,27f61cea2c04749adf4c1c65
agansultan.co,AVAILABILITY,origin.list,origin.list,2021-10-02 05:44:03.548408,27f61cea2c04749adf4c1c65
agency-iklan.com,AVAILABILITY,origin.list,origin.list,2021-10-02 05:44:04.438997,27f61cea2c04749adf4c1c65
agoezperdana.com,AVAILABILITY,origin.list,origin.list,2021-10-02 05:44:12.312426,27f61cea2c04749adf4c1c65
agussiswanto097.blogspot.com,AVAILABILITY,origin.list,origin.list,2021-10-02 05:44:13.660171,27f61cea2c04749adf4c1c65
aibou.xyz,AVAILABILITY,origin.list,origin.list,2021-10-02 05:44:17.316572,27f61cea2c04749adf4c1c65
aii.sh,AVAILABILITY,origin.list,origin.list,2021-10-02 05:44:18.720930,27f61cea2c04749adf4c1c65
ainamulyana.blogspot.com,AVAILABILITY,origin.list,origin.list,2021-10-02 05:44:20.215414,27f61cea2c04749adf4c1c65
ajnn.net,AVAILABILITY,origin.list,origin.list,2021-10-02 05:44:21.829608,27f61cea2c04749adf4c1c65
aka321.blogspot.com,AVAILABILITY,origin.list,origin.list,2021-10-02 05:44:23.097842,27f61cea2c04749adf4c1c65
akashinime.com,AVAILABILITY,origin.list,origin.list,2021-10-02 05:44:24.772077,27f61cea2c04749adf4c1c65
akashiro.co.id,AVAILABILITY,origin.list,origin.list,2021-10-02 05:44:26.416453,27f61cea2c04749adf4c1c65
aksensei.com,AVAILABILITY,origin.list,origin.list,2021-10-02 05:44:29.882422,27f61cea2c04749adf4c1c65
aksioma.co.id,AVAILABILITY,origin.list,origin.list,2021-10-02 05:44:31.197553,27f61cea2c04749adf4c1c65
akudigital.com,AVAILABILITY,origin.list,origin.list,2021-10-02 05:44:35.653627,27f61cea2c04749adf4c1c65
akurasinews.com,AVAILABILITY,origin.list,origin.list,2021-10-02 05:44:42.964901,27f61cea2c04749adf4c1c65
akurat.co,AVAILABILITY,origin.list,origin.list,2021-10-02 05:44:44.512387,27f61cea2c04749adf4c1c65
akustik365.com,AVAILABILITY,origin.list,origin.list,2021-10-02 05:44:45.796961,27f61cea2c04749adf4c1c65
alamathoki.com,AVAILABILITY,origin.list,origin.list,2021-10-02 05:44:46.794773,27f61cea2c04749adf4c1c65
alasannews.com,AVAILABILITY,origin.list,origin.list,2021-10-02 05:44:51.092008,27f61cea2c04749adf4c1c65
alexanews.id,AVAILABILITY,origin.list,origin.list,2021-10-02 05:44:57.003843,27f61cea2c04749adf4c1c65
alexavegascasino.win,AVAILABILITY,origin.list,origin.list,2021-10-02 05:44:59.315602,27f61cea2c04749adf4c1c65
alfanrenata.com,AVAILABILITY,origin.list,origin.list,2021-10-02 05:45:20.693341,27f61cea2c04749adf4c1c65
aliansirakyatnews.com,AVAILABILITY,origin.list,origin.list,2021-10-02 05:45:25.451499,27f61cea2c04749adf4c1c65
alinea.id,AVAILABILITY,origin.list,origin.list,2021-10-02 05:45:26.785456,27f61cea2c04749adf4c1c65
alladsnetwork.web.id,AVAILABILITY,origin.list,origin.list,2021-10-02 05:45:29.511589,27f61cea2c04749adf4c1c65
allartand.club,AVAILABILITY,origin.list,origin.list,2021-10-02 05:45:32.458158,27f61cea2c04749adf4c1c65
alona.co.id,AVAILABILITY,origin.list,origin.list,2021-10-02 05:45:36.934157,27f61cea2c04749adf4c1c65
alumni-atwsolo.com,AVAILABILITY,origin.list,origin.list,2021-10-02 05:45:37.901596,27f61cea2c04749adf4c1c65
ambae.co.id,AVAILABILITY,origin.list,origin.list,2021-10-02 05:45:41.384706,27f61cea2c04749adf4c1c65
amtread.com,AVAILABILITY,origin.list,origin.list,2021-10-02 05:45:42.880361,27f61cea2c04749adf4c1c65
analisadaily.com,AVAILABILITY,origin.list,origin.list,2021-10-02 05:45:44.942514,27f61cea2c04749adf4c1c65
andreasagung.com,AVAILABILITY,origin.list,origin.list,2021-10-02 05:45:46.711805,27f61cea2c04749adf4c1c65
android-news.id,AVAILABILITY,origin.list,origin.list,2021-10-02 05:45:47.935099,27f61cea2c04749adf4c1c65
android-x86.org,AVAILABILITY,origin.list,origin.list,2021-10-02 05:45:48.686873,27f61cea2c04749adf4c1c65
androidbusiness.us,AVAILABILITY,origin.list,origin.list,2021-10-02 05:45:50.196363,27f61cea2c04749adf4c1c65
angkasareview.com,AVAILABILITY,origin.list,origin.list,2021-10-02 05:45:52.656432,27f61cea2c04749adf4c1c65
anichin.my.id,AVAILABILITY,origin.list,origin.list,2021-10-02 05:45:55.047331,27f61cea2c04749adf4c1c65
anidraw.net,AVAILABILITY,origin.list,origin.list,2021-10-02 05:46:02.010502,27f61cea2c04749adf4c1c65
anifiles.org,AVAILABILITY,origin.list,origin.list,2021-10-02 05:46:03.441470,27f61cea2c04749adf4c1c65
animasu.tv,AVAILABILITY,origin.list,origin.list,2021-10-02 05:46:06.318042,27f61cea2c04749adf4c1c65
animebatch.web.id,AVAILABILITY,origin.list,origin.list,2021-10-02 05:46:09.399016,27f61cea2c04749adf4c1c65
animebatchs.net,AVAILABILITY,origin.list,origin.list,2021-10-02 05:46:11.181654,27f61cea2c04749adf4c1c65
animebloom.xyz,AVAILABILITY,origin.list,origin.list,2021-10-02 05:46:13.215054,27f61cea2c04749adf4c1c65
animecracks.com,AVAILABILITY,origin.list,origin.list,2021-10-02 05:46:14.564742,27f61cea2c04749adf4c1c65
animee.xyz,AVAILABILITY,origin.list,origin.list,2021-10-02 05:46:16.218426,27f61cea2c04749adf4c1c65
animeindo.fun,AVAILABILITY,origin.list,origin.list,2021-10-02 05:46:17.275269,27f61cea2c04749adf4c1c65
animekompi.web.id,AVAILABILITY,origin.list,origin.list,2021-10-02 05:46:22.078693,27f61cea2c04749adf4c1c65
animexin.xyz,AVAILABILITY,origin.list,origin.list,2021-10-02 05:46:24.060175,27f61cea2c04749adf4c1c65
anitoki.com,AVAILABILITY,origin.list,origin.list,2021-10-02 05:46:25.988883,27f61cea2c04749adf4c1c65
anjingkita.com,AVAILABILITY,origin.list,origin.list,2021-10-02 05:46:28.640997,27f61cea2c04749adf4c1c65
anjingras.com,AVAILABILITY,origin.list,origin.list,2021-10-02 05:46:30.034488,27f61cea2c04749adf4c1c65
annews.co.id,AVAILABILITY,origin.list,origin.list,2021-10-02 05:46:32.402202,27f61cea2c04749adf4c1c65
anoboy.media,AVAILABILITY,origin.list,origin.list,2021-10-02 05:46:33.978018,27f61cea2c04749adf4c1c65
anon.wapsite.info,AVAILABILITY,origin.list,origin.list,2021-10-02 05:46:35.974345,27f61cea2c04749adf4c1c65
antburape.club,AVAILABILITY,origin.list,origin.list,2021-10-02 05:46:38.626748,27f61cea2c04749adf4c1c65
anteroaceh.com,AVAILABILITY,origin.list,origin.list,2021-10-02 05:46:39.584175,27f61cea2c04749adf4c1c65
apahabar.com,AVAILABILITY,origin.list,origin.list,2021-10-02 05:46:42.328387,27f61cea2c04749adf4c1c65
apamanfaat.id,AVAILABILITY,origin.list,origin.list,2021-10-02 05:46:45.801683,27f61cea2c04749adf4c1c65
apasih.pw,AVAILABILITY,origin.list,origin.list,2021-10-02 05:46:48.401222,27f61cea2c04749adf4c1c65
api.nontongo.win,AVAILABILITY,origin.list,origin.list,2021-10-02 05:46:49.338094,27f61cea2c04749adf4c1c65
apk.sekilastekno.com,AVAILABILITY,origin.list,origin.list,2021-10-02 05:46:51.118568,27f61cea2c04749adf4c1c65
aplikasipc.com,AVAILABILITY,origin.list,origin.list,2021-10-02 05:46:53.829351,27f61cea2c04749adf4c1c65
ardetamedia.com,AVAILABILITY,origin.list,origin.list,2021-10-02 05:46:57.854441,27f61cea2c04749adf4c1c65
ardhosting.com,AVAILABILITY,origin.list,origin.list,2021-10-02 05:46:59.813483,27f61cea2c04749adf4c1c65
ardisaz.com,AVAILABILITY,origin.list,origin.list,2021-10-02 05:47:01.692498,27f61cea2c04749adf4c1c65
ardra.biz,AVAILABILITY,origin.list,origin.list,2021-10-02 05:47:05.170095,27f61cea2c04749adf4c1c65
arejoysew.com,AVAILABILITY,origin.list,origin.list,2021-10-02 05:47:08.282091,27f61cea2c04749adf4c1c65
areknews.com,AVAILABILITY,origin.list,origin.list,2021-10-02 05:47:11.756525,27f61cea2c04749adf4c1c65
arenabola.id,AVAILABILITY,origin.list,origin.list,2021-10-02 05:47:14.743445,27f61cea2c04749adf4c1c65
arenalte.com,AVAILABILITY,origin.list,origin.list,2021-10-02 05:47:18.699913,27f61cea2c04749adf4c1c65
arenasmartphone.com,AVAILABILITY,origin.list,origin.list,2021-10-02 05:47:20.111381,27f61cea2c04749adf4c1c65
arlinacode.com,AVAILABILITY,origin.list,origin.list,2021-10-02 05:47:22.522557,27f61cea2c04749adf4c1c65
arsindonews.com,AVAILABILITY,origin.list,origin.list,2021-10-02 05:47:26.867116,27f61cea2c04749adf4c1c65
artantash.club,AVAILABILITY,origin.list,origin.list,2021-10-02 05:47:29.795541,27f61cea2c04749adf4c1c65
asarpua.com,AVAILABILITY,origin.list,origin.list,2021-10-02 05:47:35.537980,27f61cea2c04749adf4c1c65
asgolnews.com,AVAILABILITY,origin.list,origin.list,2021-10-02 05:47:39.677217,27f61cea2c04749adf4c1c65
ashaidbit.club,AVAILABILITY,origin.list,origin.list,2021-10-02 05:47:42.664248,27f61cea2c04749adf4c1c65
asiatar.net,AVAILABILITY,origin.list,origin.list,2021-10-02 05:47:44.702684,27f61cea2c04749adf4c1c65
asphalt-berlin.com,AVAILABILITY,origin.list,origin.list,2021-10-02 05:47:45.447884,27f61cea2c04749adf4c1c65
astra-honda.com,AVAILABILITY,origin.list,origin.list,2021-10-02 05:47:46.209787,27f61cea2c04749adf4c1c65
asuransiku.info,AVAILABILITY,origin.list,origin.list,2021-10-02 05:47:47.621924,27f61cea2c04749adf4c1c65
ataeh.blogspot.com,AVAILABILITY,origin.list,origin.list,2021-10-02 05:47:49.067823,27f61cea2c04749adf4c1c65
atjehdaily.id,AVAILABILITY,origin.list,origin.list,2021-10-02 05:47:52.815884,27f61cea2c04749adf4c1c65
aukalerim.com,AVAILABILITY,origin.list,origin.list,2021-10-02 05:47:55.438252,27f61cea2c04749adf4c1c65
auramedia.co,AVAILABILITY,origin.list,origin.list,2021-10-02 05:47:57.641450,27f61cea2c04749adf4c1c65
autonetmagz.com,AVAILABILITY,origin.list,origin.list,2021-10-02 05:48:00.246788,27f61cea2c04749adf4c1c65
awnime.net,AVAILABILITY,origin.list,origin.list,2021-10-02 05:48:01.164408,27f61cea2c04749adf4c1c65
awsubs.co,AVAILABILITY,origin.list,origin.list,2021-10-02 05:48:02.420519,27f61cea2c04749adf4c1c65
axe.com,AVAILABILITY,origin.list,origin.list,2021-10-02 05:48:04.113876,27f61cea2c04749adf4c1c65
ayobandung.com,AVAILABILITY,origin.list,origin.list,2021-10-02 05:48:06.637154,27f61cea2c04749adf4c1c65
ayobekasi.net,AVAILABILITY,origin.list,origin.list,2021-10-02 05:48:07.753130,27f61cea2c04749adf4c1c65
ayocirebon.com,AVAILABILITY,origin.list,origin.list,2021-10-02 05:48:08.912025,27f61cea2c04749adf4c1c65
ayosemarang.com,AVAILABILITY,origin.list,origin.list,2021-10-02 05:48:11.187252,27f61cea2c04749adf4c1c65
ayosurabaya.com,AVAILABILITY,origin.list,origin.list,2021-10-02 05:48:12.167823,27f61cea2c04749adf4c1c65
ayotegal.com,AVAILABILITY,origin.list,origin.list,2021-10-02 05:48:14.746172,27f61cea2c04749adf4c1c65
ayoyogya.com,AVAILABILITY,origin.list,origin.list,2021-10-02 05:48:15.885087,27f61cea2c04749adf4c1c65
b.247.best,AVAILABILITY,origin.list,origin.list,2021-10-02 05:48:17.676253,27f61cea2c04749adf4c1c65
b.link,AVAILABILITY,origin.list,origin.list,2021-10-02 05:48:19.852987,27f61cea2c04749adf4c1c65
babla.co.id,AVAILABILITY,origin.list,origin.list,2021-10-02 05:48:22.247391,27f61cea2c04749adf4c1c65
bacaanasik.cc,AVAILABILITY,origin.list,origin.list,2021-10-02 05:48:23.825213,27f61cea2c04749adf4c1c65
bacakomik.co,AVAILABILITY,origin.list,origin.list,2021-10-02 05:48:24.680659,27f61cea2c04749adf4c1c65
bacapesan.com,AVAILABILITY,origin.list,origin.list,2021-10-02 05:48:28.223275,27f61cea2c04749adf4c1c65
bacaterus.com,AVAILABILITY,origin.list,origin.list,2021-10-02 05:48:29.146118,27f61cea2c04749adf4c1c65
backpackstory.me,AVAILABILITY,origin.list,origin.list,2021-10-02 05:48:30.771507,27f61cea2c04749adf4c1c65
bagas31.info,AVAILABILITY,origin.list,origin.list,2021-10-02 05:48:32.541394,27f61cea2c04749adf4c1c65
bagitekno.net,AVAILABILITY,origin.list,origin.list,2021-10-02 05:48:35.110133,27f61cea2c04749adf4c1c65
bakata.net,AVAILABILITY,origin.list,origin.list,2021-10-02 05:48:37.479383,27f61cea2c04749adf4c1c65
baksomerdeka.com,AVAILABILITY,origin.list,origin.list,2021-10-02 05:48:39.049646,27f61cea2c04749adf4c1c65
balapmotor.net,AVAILABILITY,origin.list,origin.list,2021-10-02 05:48:41.238370,27f61cea2c04749adf4c1c65
baliadvertiser.biz,AVAILABILITY,origin.list,origin.list,2021-10-02 05:48:45.871121,27f61cea2c04749adf4c1c65
balicars.info,AVAILABILITY,origin.list,origin.list,2021-10-02 05:48:47.179855,27f61cea2c04749adf4c1c65
baliekbis.com,AVAILABILITY,origin.list,origin.list,2021-10-02 05:48:48.697264,27f61cea2c04749adf4c1c65
baliportalnews.com,AVAILABILITY,origin.list,origin.list,2021-10-02 05:48:50.992227,27f61cea2c04749adf4c1c65
balipost.com,AVAILABILITY,origin.list,origin.list,2021-10-02 05:48:55.097403,27f61cea2c04749adf4c1c65
balipuspanews.com,AVAILABILITY,origin.list,origin.list,2021-10-02 05:48:56.027512,27f61cea2c04749adf4c1c65
balitopnews.com,AVAILABILITY,origin.list,origin.list,2021-10-02 05:48:59.068366,27f61cea2c04749adf4c1c65
bangbil.com,AVAILABILITY,origin.list,origin.list,2021-10-02 05:49:01.310774,27f61cea2c04749adf4c1c65
banghasan.com,AVAILABILITY,origin.list,origin.list,2021-10-02 05:49:02.725185,27f61cea2c04749adf4c1c65
bangsawan88.com,AVAILABILITY,origin.list,origin.list,2021-10-02 05:49:04.748626,27f61cea2c04749adf4c1c65
bangsawan88.net,AVAILABILITY,origin.list,origin.list,2021-10-02 05:49:06.942552,27f61cea2c04749adf4c1c65
bangsawan88.org,AVAILABILITY,origin.list,origin.list,2021-10-02 05:49:11.103453,27f61cea2c04749adf4c1c65
bangsawan88.vip,AVAILABILITY,origin.list,origin.list,2021-10-02 05:49:13.233182,27f61cea2c04749adf4c1c65
bangsiagian.id,AVAILABILITY,origin.list,origin.list,2021-10-02 05:49:15.048777,27f61cea2c04749adf4c1c65
banjirembun.com,AVAILABILITY,origin.list,origin.list,2021-10-02 05:49:17.042879,27f61cea2c04749adf4c1c65
bannerku.xyz,AVAILABILITY,origin.list,origin.list,2021-10-02 05:49:19.036352,27f61cea2c04749adf4c1c65
bantengmerah.id,AVAILABILITY,origin.list,origin.list,2021-10-02 05:49:21.214926,27f61cea2c04749adf4c1c65
bantenkini.com,AVAILABILITY,origin.list,origin.list,2021-10-02 05:49:23.220091,27f61cea2c04749adf4c1c65
bantenku.co.id,AVAILABILITY,origin.list,origin.list,2021-10-02 05:49:40.574192,27f61cea2c04749adf4c1c65
bantennews.co.id,AVAILABILITY,origin.list,origin.list,2021-10-02 05:49:44.829584,27f61cea2c04749adf4c1c65
bantenraya.com,AVAILABILITY,origin.list,origin.list,2021-10-02 05:49:47.265959,27f61cea2c04749adf4c1c65
banuatv.com,AVAILABILITY,origin.list,origin.list,2021-10-02 05:49:54.209438,27f61cea2c04749adf4c1c65
banyumedia.co.id,AVAILABILITY,origin.list,origin.list,2021-10-02 05:50:01.360257,27f61cea2c04749adf4c1c65
baritaitah.co.id,AVAILABILITY,origin.list,origin.list,2021-10-02 05:50:04.957940,27f61cea2c04749adf4c1c65
baritopost.co.id,AVAILABILITY,origin.list,origin.list,2021-10-02 05:50:09.854907,27f61cea2c04749adf4c1c65
baritorayapost.com,AVAILABILITY,origin.list,origin.list,2021-10-02 05:50:13.019310,27f61cea2c04749adf4c1c65
barometerjatim.com,AVAILABILITY,origin.list,origin.list,2021-10-02 05:50:14.055556,27f61cea2c04749adf4c1c65
basmilamteng.com,AVAILABILITY,origin.list,origin.list,2021-10-02 05:50:20.640125,27f61cea2c04749adf4c1c65
batampos.co.id,AVAILABILITY,origin.list,origin.list,2021-10-02 05:50:26.937595,27f61cea2c04749adf4c1c65
bataramedia.com,AVAILABILITY,origin.list,origin.list,2021-10-02 05:50:31.832047,27f61cea2c04749adf4c1c65
batarapos.com,AVAILABILITY,origin.list,origin.list,2021-10-02 05:50:33.554079,27f61cea2c04749adf4c1c65
batchkun.com,AVAILABILITY,origin.list,origin.list,2021-10-02 05:50:35.267770,27f61cea2c04749adf4c1c65
baysexthy.com,AVAILABILITY,origin.list,origin.list,2021-10-02 05:50:38.509317,27f61cea2c04749adf4c1c65
bayufitri.com,AVAILABILITY,origin.list,origin.list,2021-10-02 05:50:45.160845,27f61cea2c04749adf4c1c65
bbm88.org,AVAILABILITY,origin.list,origin.list,2021-10-02 05:50:48.030809,27f61cea2c04749adf4c1c65
bcn4d.com,AVAILABILITY,origin.list,origin.list,2021-10-02 05:50:49.782678,27f61cea2c04749adf4c1c65
bd36id.com,AVAILABILITY,origin.list,origin.list,2021-10-02 05:50:51.650573,27f61cea2c04749adf4c1c65
beantowntapfest.com,AVAILABILITY,origin.list,origin.list,2021-10-02 05:50:54.210978,27f61cea2c04749adf4c1c65
beasiswaindo.com,AVAILABILITY,origin.list,origin.list,2021-10-02 05:50:55.443249,27f61cea2c04749adf4c1c65
bebasdownloadfilm.com,AVAILABILITY,origin.list,origin.list,2021-10-02 05:50:56.808801,27f61cea2c04749adf4c1c65
beepdo.com,AVAILABILITY,origin.list,origin.list,2021-10-02 05:50:58.746942,27f61cea2c04749adf4c1c65
belajarmembuatwebsite.com,AVAILABILITY,origin.list,origin.list,2021-10-02 05:51:01.253125,27f61cea2c04749adf4c1c65
beliangka.net,AVAILABILITY,origin.list,origin.list,2021-10-02 05:51:02.624448,27f61cea2c04749adf4c1c65
belinfo.my.id,AVAILABILITY,origin.list,origin.list,2021-10-02 05:51:03.825376,27f61cea2c04749adf4c1c65
bengkuluekspress.com,AVAILABILITY,origin.list,origin.list,2021-10-02 05:51:08.502623,27f61cea2c04749adf4c1c65
bengkuluinteraktif.com,AVAILABILITY,origin.list,origin.list,2021-10-02 05:51:10.872693,27f61cea2c04749adf4c1c65
bengkulunews.co.id,AVAILABILITY,origin.list,origin.list,2021-10-02 05:51:13.518210,27f61cea2c04749adf4c1c65
bengkulutoday.com,AVAILABILITY,origin.list,origin.list,2021-10-02 05:51:15.394492,27f61cea2c04749adf4c1c65
bengkuluvoice.com,AVAILABILITY,origin.list,origin.list,2021-10-02 05:51:18.997951,27f61cea2c04749adf4c1c65
bentengsumbar.com,AVAILABILITY,origin.list,origin.list,2021-10-02 05:51:20.624691,27f61cea2c04749adf4c1c65
benuatoto.me,AVAILABILITY,origin.list,origin.list,2021-10-02 05:51:21.667793,27f61cea2c04749adf4c1c65
berandanusantara.com,AVAILABILITY,origin.list,origin.list,2021-10-02 05:51:26.891611,27f61cea2c04749adf4c1c65
berbagiide.com,AVAILABILITY,origin.list,origin.list,2021-10-02 05:51:37.428678,27f61cea2c04749adf4c1c65
beredukasi.com,AVAILABILITY,origin.list,origin.list,2021-10-02 05:51:49.014613,27f61cea2c04749adf4c1c65
berita.click,AVAILABILITY,origin.list,origin.list,2021-10-02 05:51:55.337189,27f61cea2c04749adf4c1c65
berita1bogor.id,AVAILABILITY,origin.list,origin.list,2021-10-02 05:51:59.372620,27f61cea2c04749adf4c1c65
beritaasatu.com,AVAILABILITY,origin.list,origin.list,2021-10-02 05:52:21.186081,27f61cea2c04749adf4c1c65
beritabali.com,AVAILABILITY,origin.list,origin.list,2021-10-02 05:52:30.869861,27f61cea2c04749adf4c1c65
beritabalionline.com,AVAILABILITY,origin.list,origin.list,2021-10-02 05:52:34.566639,27f61cea2c04749adf4c1c65
beritabanjarmasin.com,AVAILABILITY,origin.list,origin.list,2021-10-02 05:52:36.737088,27f61cea2c04749adf4c1c65
beritabojonegoro.com,AVAILABILITY,origin.list,origin.list,2021-10-02 05:52:38.340527,27f61cea2c04749adf4c1c65
beritadaerah.co.id,AVAILABILITY,origin.list,origin.list,2021-10-02 05:52:46.530602,27f61cea2c04749adf4c1c65
beritajakarta.id,AVAILABILITY,origin.list,origin.list,2021-10-02 05:52:51.988466,27f61cea2c04749adf4c1c65
beritajateng.net,AVAILABILITY,origin.list,origin.list,2021-10-02 05:52:56.854062,27f61cea2c04749adf4c1c65
beritajatim.com,AVAILABILITY,origin.list,origin.list,2021-10-02 05:52:57.973790,27f61cea2c04749adf4c1c65
beritajempol.co.id,AVAILABILITY,origin.list,origin.list,2021-10-02 05:53:00.165780,27f61cea2c04749adf4c1c65
beritakaltim.co,AVAILABILITY,origin.list,origin.list,2021-10-02 05:53:06.785307,27f61cea2c04749adf4c1c65
beritakarya.co.id,AVAILABILITY,origin.list,origin.list,2021-10-02 05:53:13.096801,27f61cea2c04749adf4c1c65
beritakini.co,AVAILABILITY,origin.list,origin.list,2021-10-02 05:53:13.955114,27f61cea2c04749adf4c1c65
beritakita.co.id,AVAILABILITY,origin.list,origin.list,2021-10-02 05:53:18.460634,27f61cea2c04749adf4c1c65
beritalutim.com,AVAILABILITY,origin.list,origin.list,2021-10-02 05:53:20.532946,27f61cea2c04749adf4c1c65
beritamerdekaonline.com,AVAILABILITY,origin.list,origin.list,2021-10-02 05:53:24.108376,27f61cea2c04749adf4c1c65
beritaminang.com,AVAILABILITY,origin.list,origin.list,2021-10-02 05:53:31.326071,27f61cea2c04749adf4c1c65
beritamorut.com,AVAILABILITY,origin.list,origin.list,2021-10-02 05:53:34.802002,27f61cea2c04749adf4c1c65
beritamuslimpress.blogspot.com,AVAILABILITY,origin.list,origin.list,2021-10-02 05:53:36.116674,27f61cea2c04749adf4c1c65
beritapagi.co.id,AVAILABILITY,origin.list,origin.list,2021-10-02 05:53:43.495163,27f61cea2c04749adf4c1c65
beritapenajam.net,AVAILABILITY,origin.list,origin.list,2021-10-02 05:53:45.777869,27f61cea2c04749adf4c1c65
beritaplano.com,AVAILABILITY,origin.list,origin.list,2021-10-02 05:53:50.538760,27f61cea2c04749adf4c1c65
beritasampit.co.id,AVAILABILITY,origin.list,origin.list,2021-10-02 05:54:14.841020,27f61cea2c04749adf4c1c65
beritasatu.com,AVAILABILITY,origin.list,origin.list,2021-10-02 05:54:19.310486,27f61cea2c04749adf4c1c65
beritasulteng.com,AVAILABILITY,origin.list,origin.list,2021-10-02 05:54:25.270516,27f61cea2c04749adf4c1c65
beritasulut.co.id,AVAILABILITY,origin.list,origin.list,2021-10-02 05:54:30.737518,27f61cea2c04749adf4c1c65
beritatangsel.com,AVAILABILITY,origin.list,origin.list,2021-10-02 05:54:33.855872,27f61cea2c04749adf4c1c65
beritaterbit.com,AVAILABILITY,origin.list,origin.list,2021-10-02 05:54:35.786832,27f61cea2c04749adf4c1c65
beritatotabuan.com,AVAILABILITY,origin.list,origin.list,2021-10-02 05:54:38.176817,27f61cea2c04749adf4c1c65
berkas.cloud,AVAILABILITY,origin.list,origin.list,2021-10-02 05:54:40.442744,27f61cea2c04749adf4c1c65
bertravel.com,AVAILABILITY,origin.list,origin.list,2021-10-02 05:54:50.044237,27f61cea2c04749adf4c1c65
betflix.id,AVAILABILITY,origin.list,origin.list,2021-10-02 05:54:57.644419,27f61cea2c04749adf4c1c65
bevru.club,AVAILABILITY,origin.list,origin.list,2021-10-02 05:54:59.176819,27f61cea2c04749adf4c1c65
bidiknasional.co.id,AVAILABILITY,origin.list,origin.list,2021-10-02 05:55:02.453811,27f61cea2c04749adf4c1c65
biggreenweek.com,AVAILABILITY,origin.list,origin.list,2021-10-02 05:55:03.835889,27f61cea2c04749adf4c1c65
bimdzgn.com,AVAILABILITY,origin.list,origin.list,2021-10-02 05:55:05.365680,27f61cea2c04749adf4c1c65
bingkairiau.com,AVAILABILITY,origin.list,origin.list,2021-10-02 05:55:27.792664,27f61cea2c04749adf4c1c65
binpartner.com,AVAILABILITY,origin.list,origin.list,2021-10-02 05:55:28.775045,27f61cea2c04749adf4c1c65
bioskop47.net,AVAILABILITY,origin.list,origin.list,2021-10-02 05:55:30.209775,27f61cea2c04749adf4c1c65
bioskopkere.club,AVAILABILITY,origin.list,origin.list,2021-10-02 05:55:31.881499,27f61cea2c04749adf4c1c65
bioskoplk21.club,AVAILABILITY,origin.list,origin.list,2021-10-02 05:55:33.020375,27f61cea2c04749adf4c1c65
bisablog.com,AVAILABILITY,origin.list,origin.list,2021-10-02 05:55:36.857213,27f61cea2c04749adf4c1c65
bisakaya.co,AVAILABILITY,origin.list,origin.list,2021-10-02 05:55:38.264672,27f61cea2c04749adf4c1c65
bisakaya.org,AVAILABILITY,origin.list,origin.list,2021-10-02 05:55:41.440837,27f61cea2c04749adf4c1c65
bisnis.com,AVAILABILITY,origin.list,origin.list,2021-10-02 05:55:42.893959,27f61cea2c04749adf4c1c65
bisnissulawesi.com,AVAILABILITY,origin.list,origin.list,2021-10-02 05:55:45.112056,27f61cea2c04749adf4c1c65
bitball.b-cdn.net,AVAILABILITY,origin.list,origin.list,2021-10-02 05:55:45.842951,27f61cea2c04749adf4c1c65
bitcoin.co.id,AVAILABILITY,origin.list,origin.list,2021-10-02 05:55:48.432101,27f61cea2c04749adf4c1c65
blackavelic.com,AVAILABILITY,origin.list,origin.list,2021-10-02 05:55:50.154423,27f61cea2c04749adf4c1c65
blockchainmedia.id,AVAILABILITY,origin.list,origin.list,2021-10-02 05:55:56.521997,27f61cea2c04749adf4c1c65
blog-dnz.com,AVAILABILITY,origin.list,origin.list,2021-10-02 05:55:58.028648,27f61cea2c04749adf4c1c65
blogdokter.net,AVAILABILITY,origin.list,origin.list,2021-10-02 05:55:59.933512,27f61cea2c04749adf4c1c65
bloging-gampang.blogspot.com,AVAILABILITY,origin.list,origin.list,2021-10-02 05:56:00.699582,27f61cea2c04749adf4c1c65
blogrumahan.com,AVAILABILITY,origin.list,origin.list,2021-10-02 05:56:02.679088,27f61cea2c04749adf4c1c65
blogsecond.com,AVAILABILITY,origin.list,origin.list,2021-10-02 05:56:04.000371,27f61cea2c04749adf4c1c65
blokbojonegoro.com,AVAILABILITY,origin.list,origin.list,2021-10-02 05:56:06.164408,27f61cea2c04749adf4c1c65
bluecreative.co.id,AVAILABILITY,origin.list,origin.list,2021-10-02 05:56:20.564482,27f61cea2c04749adf4c1c65
bmspeed7.com,AVAILABILITY,origin.list,origin.list,2021-10-02 05:56:22.627746,27f61cea2c04749adf4c1c65
bobo.grid.id,AVAILABILITY,origin.list,origin.list,2021-10-02 05:56:25.113240,27f61cea2c04749adf4c1c65
bogopapua.net,AVAILABILITY,origin.list,origin.list,2021-10-02 05:56:29.143669,27f61cea2c04749adf4c1c65
bogorbagus.com,AVAILABILITY,origin.list,origin.list,2021-10-02 05:56:32.537722,27f61cea2c04749adf4c1c65
bogorchannel.id,AVAILABILITY,origin.list,origin.list,2021-10-02 05:56:35.682724,27f61cea2c04749adf4c1c65
bogorin.com,AVAILABILITY,origin.list,origin.list,2021-10-02 05:56:38.772724,27f61cea2c04749adf4c1c65
bogornetwork.com,AVAILABILITY,origin.list,origin.list,2021-10-02 05:56:51.299195,27f61cea2c04749adf4c1c65
bogornews.com,AVAILABILITY,origin.list,origin.list,2021-10-02 05:56:53.516973,27f61cea2c04749adf4c1c65
bogoronline.com,AVAILABILITY,origin.list,origin.list,2021-10-02 05:56:56.160916,27f61cea2c04749adf4c1c65
bogorupdate.com,AVAILABILITY,origin.list,origin.list,2021-10-02 05:56:59.469618,27f61cea2c04749adf4c1c65
bokep.host,AVAILABILITY,origin.list,origin.list,2021-10-02 05:57:00.762296,27f61cea2c04749adf4c1c65
bokep8.icu,AVAILABILITY,origin.list,origin.list,2021-10-02 05:57:02.322047,27f61cea2c04749adf4c1c65
bola.com,AVAILABILITY,origin.list,origin.list,2021-10-02 05:57:05.303407,27f61cea2c04749adf4c1c65
bola.net,AVAILABILITY,origin.list,origin.list,2021-10-02 05:57:07.680085,27f61cea2c04749adf4c1c65
bola9898.com,AVAILABILITY,origin.list,origin.list,2021-10-02 05:57:09.045449,27f61cea2c04749adf4c1c65
bolaa3m.com,AVAILABILITY,origin.list,origin.list,2021-10-02 05:57:11.308862,27f61cea2c04749adf4c1c65
bolasport.com,AVAILABILITY,origin.list,origin.list,2021-10-02 05:57:12.672717,27f61cea2c04749adf4c1c65
bolatimes.com,AVAILABILITY,origin.list,origin.list,2021-10-02 05:57:15.953900,27f61cea2c04749adf4c1c65
bolmongraya.co,AVAILABILITY,origin.list,origin.list,2021-10-02 05:57:20.166802,27f61cea2c04749adf4c1c65
bolssc.com,AVAILABILITY,origin.list,origin.list,2021-10-02 05:57:21.061095,27f61cea2c04749adf4c1c65
boombastis.com,AVAILABILITY,origin.list,origin.list,2021-10-02 05:57:22.392974,27f61cea2c04749adf4c1c65
boomxxi.icu,AVAILABILITY,origin.list,origin.list,2021-10-02 05:57:24.321408,27f61cea2c04749adf4c1c65
borneonews.co.id,AVAILABILITY,origin.list,origin.list,2021-10-02 05:57:30.734428,27f61cea2c04749adf4c1c65
borukaro.com,AVAILABILITY,origin.list,origin.list,2021-10-02 05:57:39.832190,27f61cea2c04749adf4c1c65
bos21.bar,AVAILABILITY,origin.list,origin.list,2021-10-02 05:57:41.145501,27f61cea2c04749adf4c1c65
bospedia.com,AVAILABILITY,origin.list,origin.list,2021-10-02 05:57:43.747781,27f61cea2c04749adf4c1c65
bosqq.online,AVAILABILITY,origin.list,origin.list,2021-10-02 05:57:45.159216,27f61cea2c04749adf4c1c65
boss-ant.blogspot.com,AVAILABILITY,origin.list,origin.list,2021-10-02 05:57:45.938447,27f61cea2c04749adf4c1c65
brainly.co.id,AVAILABILITY,origin.list,origin.list,2021-10-02 05:57:47.975936,27f61cea2c04749adf4c1c65
brantasnews.co.id,AVAILABILITY,origin.list,origin.list,2021-10-02 05:57:51.258922,27f61cea2c04749adf4c1c65
brilio.net,AVAILABILITY,origin.list,origin.list,2021-10-02 05:57:53.384252,27f61cea2c04749adf4c1c65
brindonews.com,AVAILABILITY,origin.list,origin.list,2021-10-02 05:57:59.010954,27f61cea2c04749adf4c1c65
brotutor.net,AVAILABILITY,origin.list,origin.list,2021-10-02 05:58:00.415672,27f61cea2c04749adf4c1c65
browsertelemetry.tk,AVAILABILITY,origin.list,origin.list,2021-10-02 05:58:02.652972,27f61cea2c04749adf4c1c65
budiarto.id,AVAILABILITY,origin.list,origin.list,2021-10-02 05:58:06.908016,27f61cea2c04749adf4c1c65
bukalapak.com,AVAILABILITY,origin.list,origin.list,2021-10-02 05:58:08.392223,27f61cea2c04749adf4c1c65
bulletinjournalist.com,AVAILABILITY,origin.list,origin.list,2021-10-02 05:58:10.653856,27f61cea2c04749adf4c1c65
bunaken.co.id,AVAILABILITY,origin.list,origin.list,2021-10-02 05:58:15.212894,27f61cea2c04749adf4c1c65
bungfrangki.com,AVAILABILITY,origin.list,origin.list,2021-10-02 05:58:16.537644,27f61cea2c04749adf4c1c65
c.lazada.co.id,AVAILABILITY,origin.list,origin.list,2021-10-02 05:58:20.885082,27f61cea2c04749adf4c1c65
c303.pw,AVAILABILITY,origin.list,origin.list,2021-10-02 05:58:23.171008,27f61cea2c04749adf4c1c65
cahayasiang.com,AVAILABILITY,origin.list,origin.list,2021-10-02 05:58:27.988982,27f61cea2c04749adf4c1c65
cakrawalajabar.com,AVAILABILITY,origin.list,origin.list,2021-10-02 05:58:30.928304,27f61cea2c04749adf4c1c65
caramenangtaruhanbola.com,AVAILABILITY,origin.list,origin.list,2021-10-02 05:58:33.091658,27f61cea2c04749adf4c1c65
carapedia.com,AVAILABILITY,origin.list,origin.list,2021-10-02 05:58:37.075831,27f61cea2c04749adf4c1c65
caribanner.bid,AVAILABILITY,origin.list,origin.list,2021-10-02 05:58:38.084635,27f61cea2c04749adf4c1c65
cartalog.id,AVAILABILITY,origin.list,origin.list,2021-10-02 05:58:41.793064,27f61cea2c04749adf4c1c65
casafelink2.blogspot.com,AVAILABILITY,origin.list,origin.list,2021-10-02 05:58:42.874285,27f61cea2c04749adf4c1c65
catwenbat.com,AVAILABILITY,origin.list,origin.list,2021-10-02 05:58:44.127642,27f61cea2c04749adf4c1c65
cbogaming.com,AVAILABILITY,origin.list,origin.list,2021-10-02 05:58:46.118468,27f61cea2c04749adf4c1c65
cdnasiaclub.com,AVAILABILITY,origin.list,origin.list,2021-10-02 05:59:07.092107,27f61cea2c04749adf4c1c65
cemiw.net,AVAILABILITY,origin.list,origin.list,2021-10-02 05:59:08.814114,27f61cea2c04749adf4c1c65
cendananews.com,AVAILABILITY,origin.list,origin.list,2021-10-02 05:59:12.856784,27f61cea2c04749adf4c1c65
centerklik.com,AVAILABILITY,origin.list,origin.list,2021-10-02 05:59:19.403444,27f61cea2c04749adf4c1c65
ceposonline.com,AVAILABILITY,origin.list,origin.list,2021-10-02 05:59:27.108333,27f61cea2c04749adf4c1c65
cermati.com,AVAILABILITY,origin.list,origin.list,2021-10-02 05:59:28.479682,27f61cea2c04749adf4c1c65
cerpen.co.id,AVAILABILITY,origin.list,origin.list,2021-10-02 05:59:30.914383,27f61cea2c04749adf4c1c65
cewekbanget.grid.id,AVAILABILITY,origin.list,origin.list,2021-10-02 05:59:33.544259,27f61cea2c04749adf4c1c65
cgv.id,AVAILABILITY,origin.list,origin.list,2021-10-02 05:59:36.587419,27f61cea2c04749adf4c1c65
cgvindo.monster,AVAILABILITY,origin.list,origin.list,2021-10-02 05:59:37.655043,27f61cea2c04749adf4c1c65
chiarafarina.blogspot.com,AVAILABILITY,origin.list,origin.list,2021-10-02 05:59:39.089577,27f61cea2c04749adf4c1c65
cianjurekspres.net,AVAILABILITY,origin.list,origin.list,2021-10-02 05:59:42.421755,27f61cea2c04749adf4c1c65
cibaibin.com,AVAILABILITY,origin.list,origin.list,2021-10-02 05:59:44.061319,27f61cea2c04749adf4c1c65
cikimm.com,AVAILABILITY,origin.list,origin.list,2021-10-02 05:59:45.520237,27f61cea2c04749adf4c1c65
cinemags.co.id,AVAILABILITY,origin.list,origin.list,2021-10-02 05:59:49.325555,27f61cea2c04749adf4c1c65
cinemaindo.co.in,AVAILABILITY,origin.list,origin.list,2021-10-02 05:59:51.919304,27f61cea2c04749adf4c1c65
cinemaindo.watch,AVAILABILITY,origin.list,origin.list,2021-10-02 05:59:53.015366,27f61cea2c04749adf4c1c65
cintamuda.com,AVAILABILITY,origin.list,origin.list,2021-10-02 05:59:55.682454,27f61cea2c04749adf4c1c65
ciriseo.net,AVAILABILITY,origin.list,origin.list,2021-10-02 05:59:57.404154,27f61cea2c04749adf4c1c65
citranewsindonesia.com,AVAILABILITY,origin.list,origin.list,2021-10-02 06:00:01.149753,27f61cea2c04749adf4c1c65
citrust.id,AVAILABILITY,origin.list,origin.list,2021-10-02 06:00:14.817745,27f61cea2c04749adf4c1c65
cl1k.com,AVAILABILITY,origin.list,origin.list,2021-10-02 06:07:04.389180,27f61cea2c04749adf4c1c65
clampschoolholic.com,AVAILABILITY,origin.list,origin.list,2021-10-02 06:07:05.254646,27f61cea2c04749adf4c1c65
clampschoolholic.web.id,AVAILABILITY,origin.list,origin.list,2021-10-02 06:07:08.673348,27f61cea2c04749adf4c1c65
cli.re,AVAILABILITY,origin.list,origin.list,2021-10-02 06:07:10.755583,27f61cea2c04749adf4c1c65
click2go.me,AVAILABILITY,origin.list,origin.list,2021-10-02 06:07:12.283081,27f61cea2c04749adf4c1c65
clickmedia.co.id,AVAILABILITY,origin.list,origin.list,2021-10-02 06:07:14.011164,27f61cea2c04749adf4c1c65
client.okezone.com,AVAILABILITY,origin.list,origin.list,2021-10-02 06:07:16.800058,27f61cea2c04749adf4c1c65
closetopic.site,AVAILABILITY,origin.list,origin.list,2021-10-02 06:07:18.234359,27f61cea2c04749adf4c1c65
cloudfilm.co,AVAILABILITY,origin.list,origin.list,2021-10-02 06:07:19.339279,27f61cea2c04749adf4c1c65
cloudmediabiz.com,AVAILABILITY,origin.list,origin.list,2021-10-02 06:07:50.233261,27f61cea2c04749adf4c1c65
cmcpoker.info,AVAILABILITY,origin.list,origin.list,2021-10-02 06:07:52.174863,27f61cea2c04749adf4c1c65
cnbcindonesia.com,AVAILABILITY,origin.list,origin.list,2021-10-02 06:07:53.695771,27f61cea2c04749adf4c1c65
cnnbanten.id,AVAILABILITY,origin.list,origin.list,2021-10-02 06:08:15.498871,27f61cea2c04749adf4c1c65
cnnindonesia.com,AVAILABILITY,origin.list,origin.list,2021-10-02 06:08:16.315738,27f61cea2c04749adf4c1c65
coba.dev,AVAILABILITY,origin.list,origin.list,2021-10-02 06:08:18.443872,27f61cea2c04749adf4c1c65
coinvestasi.com,AVAILABILITY,origin.list,origin.list,2021-10-02 06:08:21.146444,27f61cea2c04749adf4c1c65
conan.id,AVAILABILITY,origin.list,origin.list,2021-10-02 06:08:24.182176,27f61cea2c04749adf4c1c65
copydev.com,AVAILABILITY,origin.list,origin.list,2021-10-02 06:08:25.531781,27f61cea2c04749adf4c1c65
corongrakyat.co.id,AVAILABILITY,origin.list,origin.list,2021-10-02 06:08:30.874437,27f61cea2c04749adf4c1c65
correcto.id,AVAILABILITY,origin.list,origin.list,2021-10-02 06:08:34.166203,27f61cea2c04749adf4c1c65
cosmogirl.co.id,AVAILABILITY,origin.list,origin.list,2021-10-02 06:08:35.744126,27f61cea2c04749adf4c1c65
couptoug.net,AVAILABILITY,origin.list,origin.list,2021-10-02 06:08:36.849622,27f61cea2c04749adf4c1c65
covelign.com,AVAILABILITY,origin.list,origin.list,2021-10-02 06:08:38.037721,27f61cea2c04749adf4c1c65
cpnsonline.com,AVAILABILITY,origin.list,origin.list,2021-10-02 06:08:41.227917,27f61cea2c04749adf4c1c65
cryaptall.club,AVAILABILITY,origin.list,origin.list,2021-10-02 06:08:43.803124,27f61cea2c04749adf4c1c65
cryptobrowser.site,AVAILABILITY,origin.list,origin.list,2021-10-02 06:08:46.170648,27f61cea2c04749adf4c1c65
cuangacor.com,AVAILABILITY,origin.list,origin.list,2021-10-02 06:08:52.334432,27f61cea2c04749adf4c1c65
cuitandokter.com,AVAILABILITY,origin.list,origin.list,2021-10-02 06:08:54.843166,27f61cea2c04749adf4c1c65
cumirproduction.blogspot.com,AVAILABILITY,origin.list,origin.list,2021-10-02 06:08:55.978698,27f61cea2c04749adf4c1c65
cut.my.id,AVAILABILITY,origin.list,origin.list,2021-10-02 06:08:57.972278,27f61cea2c04749adf4c1c65
cuts-url.com,AVAILABILITY,origin.list,origin.list,2021-10-02 06:08:58.694143,27f61cea2c04749adf4c1c65
cyberlampung.com,AVAILABILITY,origin.list,origin.list,2021-10-02 06:09:02.709085,27f61cea2c04749adf4c1c65
d01.notifa.info,AVAILABILITY,origin.list,origin.list,2021-10-02 06:09:23.722849,27f61cea2c04749adf4c1c65
d138am4hd4ke4y.cloudfront.net,AVAILABILITY,origin.list,origin.list,2021-10-02 06:09:24.602815,27f61cea2c04749adf4c1c65
d24afgsm39csxt.cloudfront.net,AVAILABILITY,origin.list,origin.list,2021-10-02 06:09:25.538639,27f61cea2c04749adf4c1c65
d27x580xb9ao1l.cloudfront.net,AVAILABILITY,origin.list,origin.list,2021-10-02 06:09:26.433999,27f61cea2c04749adf4c1c65
d2glav2919q4cw.cloudfront.net,AVAILABILITY,origin.list,origin.list,2021-10-02 06:09:27.385900,27f61cea2c04749adf4c1c65
d2t67iukq9ieyq.cloudfront.net,AVAILABILITY,origin.list,origin.list,2021-10-02 06:09:28.329049,27f61cea2c04749adf4c1c65
d2wpknqle9nuv8.cloudfront.net,AVAILABILITY,origin.list,origin.list,2021-10-02 06:09:29.302452,27f61cea2c04749adf4c1c65
d3oep4gb91kpuv.cloudfront.net,AVAILABILITY,origin.list,origin.list,2021-10-02 06:09:30.238970,27f61cea2c04749adf4c1c65
dadhuhram.com,AVAILABILITY,origin.list,origin.list,2021-10-02 06:09:32.663739,27f61cea2c04749adf4c1c65
dafideff.com,AVAILABILITY,origin.list,origin.list,2021-10-02 06:09:34.372930,27f61cea2c04749adf4c1c65
daftarhewan.com,AVAILABILITY,origin.list,origin.list,2021-10-02 06:09:36.833634,27f61cea2c04749adf4c1c65
daftarsb1m.net,AVAILABILITY,origin.list,origin.list,2021-10-02 06:09:40.789961,27f61cea2c04749adf4c1c65
dailypost.id,AVAILABILITY,origin.list,origin.list,2021-10-02 06:09:44.420256,27f61cea2c04749adf4c1c65
dailysocial.id,AVAILABILITY,origin.list,origin.list,2021-10-02 06:09:47.220302,27f61cea2c04749adf4c1c65
danirachmat.com,AVAILABILITY,origin.list,origin.list,2021-10-02 06:09:49.358926,27f61cea2c04749adf4c1c65
dapalan.com,AVAILABILITY,origin.list,origin.list,2021-10-02 06:09:50.537518,27f61cea2c04749adf4c1c65
darhostmedia.com,AVAILABILITY,origin.list,origin.list,2021-10-02 06:09:51.718107,27f61cea2c04749adf4c1c65
darts-ads.telkom.co.id,AVAILABILITY,origin.list,origin.list,2021-10-02 06:09:52.579419,27f61cea2c04749adf4c1c65
data-sgp.net,AVAILABILITY,origin.list,origin.list,2021-10-02 06:09:53.293943,27f61cea2c04749adf4c1c65
datadikdasmen.com,AVAILABILITY,origin.list,origin.list,2021-10-02 06:09:54.593934,27f61cea2c04749adf4c1c65
datakeluar.net,AVAILABILITY,origin.list,origin.list,2021-10-02 06:09:56.230736,27f61cea2c04749adf4c1c65
datamaya.com,AVAILABILITY,origin.list,origin.list,2021-10-02 06:10:14.262018,27f61cea2c04749adf4c1c65
datuksakti.blogspot.com,AVAILABILITY,origin.list,origin.list,2021-10-02 06:10:15.832459,27f61cea2c04749adf4c1c65
dayaknews.com,AVAILABILITY,origin.list,origin.list,2021-10-02 06:10:18.919947,27f61cea2c04749adf4c1c65
debgameku.com,AVAILABILITY,origin.list,origin.list,2021-10-02 06:10:20.024350,27f61cea2c04749adf4c1c65
degens.com,AVAILABILITY,origin.list,origin.list,2021-10-02 06:10:21.356160,27f61cea2c04749adf4c1c65
dekadepos.com,AVAILABILITY,origin.list,origin.list,2021-10-02 06:10:26.099923,27f61cea2c04749adf4c1c65
delegasi.com,AVAILABILITY,origin.list,origin.list,2021-10-02 06:10:30.712866,27f61cea2c04749adf4c1c65
deltakepri.co.id,AVAILABILITY,origin.list,origin.list,2021-10-02 06:10:34.697705,27f61cea2c04749adf4c1c65
derapfakta.com,AVAILABILITY,origin.list,origin.list,2021-10-02 06:10:52.218688,27f61cea2c04749adf4c1c65
desainstudio.com,AVAILABILITY,origin.list,origin.list,2021-10-02 06:10:59.306434,27f61cea2c04749adf4c1c65
detak.co,AVAILABILITY,origin.list,origin.list,2021-10-02 06:11:24.431252,27f61cea2c04749adf4c1c65
detakbanten.com,AVAILABILITY,origin.list,origin.list,2021-10-02 06:11:53.226386,27f61cea2c04749adf4c1c65
detaksatu.com,AVAILABILITY,origin.list,origin.list,2021-10-02 06:12:15.942794,27f61cea2c04749adf4c1c65
detik.com,AVAILABILITY,origin.list,origin.list,2021-10-02 06:12:19.614313,27f61cea2c04749adf4c1c65
detikglobalnews.com,AVAILABILITY,origin.list,origin.list,2021-10-02 06:12:21.871527,27f61cea2c04749adf4c1c65
detiknews.id,AVAILABILITY,origin.list,origin.list,2021-10-02 06:12:28.814228,27f61cea2c04749adf4c1c65
detikntb.com,AVAILABILITY,origin.list,origin.list,2021-10-02 06:12:32.476491,27f61cea2c04749adf4c1c65
detiksumsel.com,AVAILABILITY,origin.list,origin.list,2021-10-02 06:12:36.989863,27f61cea2c04749adf4c1c65
detikxxi.com,AVAILABILITY,origin.list,origin.list,2021-10-02 06:12:38.905492,27f61cea2c04749adf4c1c65
detotabuan.com,AVAILABILITY,origin.list,origin.list,2021-10-02 06:12:42.816435,27f61cea2c04749adf4c1c65
dewabiz.com,AVAILABILITY,origin.list,origin.list,2021-10-02 06:12:48.706545,27f61cea2c04749adf4c1c65
dewainside.blogspot.com,AVAILABILITY,origin.list,origin.list,2021-10-02 06:12:50.149411,27f61cea2c04749adf4c1c65
dewaplokis.com,AVAILABILITY,origin.list,origin.list,2021-10-02 06:12:51.044937,27f61cea2c04749adf4c1c65
dewatagames.com,AVAILABILITY,origin.list,origin.list,2021-10-02 06:12:53.239164,27f61cea2c04749adf4c1c65
dewiku.com,AVAILABILITY,origin.list,origin.list,2021-10-02 06:12:56.394019,27f61cea2c04749adf4c1c65
dezige-in.blogspot.com,AVAILABILITY,origin.list,origin.list,2021-10-02 06:12:57.112585,27f61cea2c04749adf4c1c65
dgw7ae5vrovs7.cloudfront.net,AVAILABILITY,origin.list,origin.list,2021-10-02 06:12:58.045725,27f61cea2c04749adf4c1c65
dhadigital.com,AVAILABILITY,origin.list,origin.list,2021-10-02 06:13:03.973633,27f61cea2c04749adf4c1c65
dialeksis.com,AVAILABILITY,origin.list,origin.list,2021-10-02 06:13:07.033480,27f61cea2c04749adf4c1c65
dibalikseo.com,AVAILABILITY,origin.list,origin.list,2021-10-02 06:13:09.996842,27f61cea2c04749adf4c1c65
dibuka.net,AVAILABILITY,origin.list,origin.list,2021-10-02 06:13:11.413883,27f61cea2c04749adf4c1c65
didrakorindo.com,AVAILABILITY,origin.list,origin.list,2021-10-02 06:13:16.619697,27f61cea2c04749adf4c1c65
digiads.co.id,AVAILABILITY,origin.list,origin.list,2021-10-02 06:13:21.433971,27f61cea2c04749adf4c1c65
digitalnews.co.id,AVAILABILITY,origin.list,origin.list,2021-10-02 06:13:26.573869,27f61cea2c04749adf4c1c65
digtara.com,AVAILABILITY,origin.list,origin.list,2021-10-02 06:13:30.266246,27f61cea2c04749adf4c1c65
dijaminmurah.com,AVAILABILITY,origin.list,origin.list,2021-10-02 06:13:36.519917,27f61cea2c04749adf4c1c65
directme.info,AVAILABILITY,origin.list,origin.list,2021-10-02 06:13:37.828743,27f61cea2c04749adf4c1c65
disingkat.in,AVAILABILITY,origin.list,origin.list,2021-10-02 06:13:39.113886,27f61cea2c04749adf4c1c65
diskon.com,AVAILABILITY,origin.list,origin.list,2021-10-02 06:13:42.756420,27f61cea2c04749adf4c1c65
djoker.online,AVAILABILITY,origin.list,origin.list,2021-10-02 06:14:03.653794,27f61cea2c04749adf4c1c65
djournalist.com,AVAILABILITY,origin.list,origin.list,2021-10-02 06:14:08.344960,27f61cea2c04749adf4c1c65
doathair.com,AVAILABILITY,origin.list,origin.list,2021-10-02 06:14:09.863200,27f61cea2c04749adf4c1c65
doktersehat.com,AVAILABILITY,origin.list,origin.list,2021-10-02 06:14:12.834882,27f61cea2c04749adf4c1c65
domainesia-assets.s3.amazonaws.com,AVAILABILITY,origin.list,origin.list,2021-10-02 06:14:13.539340,27f61cea2c04749adf4c1c65
domigado.com,AVAILABILITY,origin.list,origin.list,2021-10-02 06:14:16.163647,27f61cea2c04749adf4c1c65
doramaflix.com,AVAILABILITY,origin.list,origin.list,2021-10-02 06:14:17.502358,27f61cea2c04749adf4c1c65
dosenonline.id,AVAILABILITY,origin.list,origin.list,2021-10-02 06:14:19.986477,27f61cea2c04749adf4c1c65
download.id,AVAILABILITY,origin.list,origin.list,2021-10-02 06:14:21.936270,27f61cea2c04749adf4c1c65
downloadbatch.net,AVAILABILITY,origin.list,origin.list,2021-10-02 06:14:24.241904,27f61cea2c04749adf4c1c65
doxadigital.com,AVAILABILITY,origin.list,origin.list,2021-10-02 06:14:25.522101,27f61cea2c04749adf4c1c65
dr-farfar.net,AVAILABILITY,origin.list,origin.list,2021-10-02 06:14:26.243066,27f61cea2c04749adf4c1c65
drachindo.com,AVAILABILITY,origin.list,origin.list,2021-10-02 06:14:27.497517,27f61cea2c04749adf4c1c65
drakorcute.com,AVAILABILITY,origin.list,origin.list,2021-10-02 06:14:28.902165,27f61cea2c04749adf4c1c65
drakorfans.com,AVAILABILITY,origin.list,origin.list,2021-10-02 06:14:30.437229,27f61cea2c04749adf4c1c65
drakoric.com,AVAILABILITY,origin.list,origin.list,2021-10-02 06:14:31.829677,27f61cea2c04749adf4c1c65
drakorindo.bar,AVAILABILITY,origin.list,origin.list,2021-10-02 06:14:33.195075,27f61cea2c04749adf4c1c65
drakorindofilms.work,AVAILABILITY,origin.list,origin.list,2021-10-02 06:14:34.417569,27f61cea2c04749adf4c1c65
drakorku.my.id,AVAILABILITY,origin.list,origin.list,2021-10-02 06:14:37.619496,27f61cea2c04749adf4c1c65
dramabarat.com,AVAILABILITY,origin.list,origin.list,2021-10-02 06:14:40.690672,27f61cea2c04749adf4c1c65
dramaencode.co,AVAILABILITY,origin.list,origin.list,2021-10-02 06:14:42.214002,27f61cea2c04749adf4c1c65
dramaencode.com,AVAILABILITY,origin.list,origin.list,2021-10-02 06:14:43.958695,27f61cea2c04749adf4c1c65
dramafilm21.com,AVAILABILITY,origin.list,origin.list,2021-10-02 06:15:05.134673,27f61cea2c04749adf4c1c65
dramakor.club,AVAILABILITY,origin.list,origin.list,2021-10-02 06:15:06.424224,27f61cea2c04749adf4c1c65
dramaluv.com,AVAILABILITY,origin.list,origin.list,2021-10-02 06:15:12.304020,27f61cea2c04749adf4c1c65
dramazon.id,AVAILABILITY,origin.list,origin.list,2021-10-02 06:15:15.275130,27f61cea2c04749adf4c1c65
drda5yf9kgz5p.cloudfront.net,AVAILABILITY,origin.list,origin.list,2021-10-02 06:15:16.154149,27f61cea2c04749adf4c1c65
dream.co.id,AVAILABILITY,origin.list,origin.list,2021-10-02 06:15:22.111148,27f61cea2c04749adf4c1c65
drivenhype.com,AVAILABILITY,origin.list,origin.list,2021-10-02 06:15:26.362340,27f61cea2c04749adf4c1c65
driverays.com,AVAILABILITY,origin.list,origin.list,2021-10-02 06:15:27.712101,27f61cea2c04749adf4c1c65
dropshipin.id,AVAILABILITY,origin.list,origin.list,2021-10-02 06:15:31.556732,27f61cea2c04749adf4c1c65
dryzapsol.com,AVAILABILITY,origin.list,origin.list,2021-10-02 06:15:34.234735,27f61cea2c04749adf4c1c65
duit.cc,AVAILABILITY,origin.list,origin.list,2021-10-02 06:15:37.599261,27f61cea2c04749adf4c1c65
dumetschool.com,AVAILABILITY,origin.list,origin.list,2021-10-02 06:15:51.195672,27f61cea2c04749adf4c1c65
duniafintech.com,AVAILABILITY,origin.list,origin.list,2021-10-02 06:15:53.425363,27f61cea2c04749adf4c1c65
duniaiklangratis.com,AVAILABILITY,origin.list,origin.list,2021-10-02 06:15:54.821620,27f61cea2c04749adf4c1c65
duniailkom.com,AVAILABILITY,origin.list,origin.list,2021-10-02 06:15:57.654395,27f61cea2c04749adf4c1c65
duniaxxi.com,AVAILABILITY,origin.list,origin.list,2021-10-02 06:16:00.541223,27f61cea2c04749adf4c1c65
duosia.id,AVAILABILITY,origin.list,origin.list,2021-10-02 06:16:04.726726,27f61cea2c04749adf4c1c65
duta.co,AVAILABILITY,origin.list,origin.list,2021-10-02 06:16:07.496705,27f61cea2c04749adf4c1c65
dutademokrasi.com,AVAILABILITY,origin.list,origin.list,2021-10-02 06:16:10.300790,27f61cea2c04749adf4c1c65
dutafilm.tube,AVAILABILITY,origin.list,origin.list,2021-10-02 06:16:11.634767,27f61cea2c04749adf4c1c65
dutaislam.com,AVAILABILITY,origin.list,origin.list,2021-10-02 06:16:13.444031,27f61cea2c04749adf4c1c65
dutatv.com,AVAILABILITY,origin.list,origin.list,2021-10-02 06:16:16.422356,27f61cea2c04749adf4c1c65
dwcash.us,AVAILABILITY,origin.list,origin.list,2021-10-02 06:16:19.955824,27f61cea2c04749adf4c1c65
dwscr.net,AVAILABILITY,origin.list,origin.list,2021-10-02 06:16:23.045830,27f61cea2c04749adf4c1c65
dwscr.xyz,AVAILABILITY,origin.list,origin.list,2021-10-02 06:16:26.180519,27f61cea2c04749adf4c1c65
dwtgl.com,AVAILABILITY,origin.list,origin.list,2021-10-02 06:16:32.037152,27f61cea2c04749adf4c1c65
dz4link.com,AVAILABILITY,origin.list,origin.list,2021-10-02 06:16:33.359563,27f61cea2c04749adf4c1c65
earnload.co,AVAILABILITY,origin.list,origin.list,2021-10-02 06:16:34.302439,27f61cea2c04749adf4c1c65
ebolafc.net,AVAILABILITY,origin.list,origin.list,2021-10-02 06:16:35.923162,27f61cea2c04749adf4c1c65
ebrita.com,AVAILABILITY,origin.list,origin.list,2021-10-02 06:16:40.378210,27f61cea2c04749adf4c1c65
edukasibitcoin.com,AVAILABILITY,origin.list,origin.list,2021-10-02 06:16:41.917514,27f61cea2c04749adf4c1c65
efek.stream,AVAILABILITY,origin.list,origin.list,2021-10-02 06:17:03.098402,27f61cea2c04749adf4c1c65
eio.io,AVAILABILITY,origin.list,origin.list,2021-10-02 06:17:04.488151,27f61cea2c04749adf4c1c65
ekagoblog.com,AVAILABILITY,origin.list,origin.list,2021-10-02 06:17:06.127585,27f61cea2c04749adf4c1c65
eljabar.com,AVAILABILITY,origin.list,origin.list,2021-10-02 06:17:10.013407,27f61cea2c04749adf4c1c65
elmu-blog.blogspot.com,AVAILABILITY,origin.list,origin.list,2021-10-02 06:17:10.693570,27f61cea2c04749adf4c1c65
elnusanews.com,AVAILABILITY,origin.list,origin.list,2021-10-02 06:17:14.578475,27f61cea2c04749adf4c1c65
elshinta.com,AVAILABILITY,origin.list,origin.list,2021-10-02 06:17:20.294953,27f61cea2c04749adf4c1c65
emerer.com,AVAILABILITY,origin.list,origin.list,2021-10-02 06:17:21.936600,27f61cea2c04749adf4c1c65
ena-native-ads4.com,AVAILABILITY,origin.list,origin.list,2021-10-02 06:17:22.620757,27f61cea2c04749adf4c1c65
enthus1ast.com,AVAILABILITY,origin.list,origin.list,2021-10-02 06:17:23.986358,27f61cea2c04749adf4c1c65
equator.co.id,AVAILABILITY,origin.list,origin.list,2021-10-02 06:17:26.157658,27f61cea2c04749adf4c1c65
eramuslim.com,AVAILABILITY,origin.list,origin.list,2021-10-02 06:17:27.505716,27f61cea2c04749adf4c1c65
eririo.club,AVAILABILITY,origin.list,origin.list,2021-10-02 06:17:28.829325,27f61cea2c04749adf4c1c65
esports.id,AVAILABILITY,origin.list,origin.list,2021-10-02 06:17:31.591835,27f61cea2c04749adf4c1c65
etalasebisnis.com,AVAILABILITY,origin.list,origin.list,2021-10-02 06:17:33.147351,27f61cea2c04749adf4c1c65
evassmat.com,AVAILABILITY,origin.list,origin.list,2021-10-02 06:17:34.297250,27f61cea2c04749adf4c1c65
exe.app,AVAILABILITY,origin.list,origin.list,2021-10-02 06:17:35.208701,27f61cea2c04749adf4c1c65
exee.io,AVAILABILITY,origin.list,origin.list,2021-10-02 06:17:37.377110,27f61cea2c04749adf4c1c65
exey.io,AVAILABILITY,origin.list,origin.list,2021-10-02 06:17:38.731639,27f61cea2c04749adf4c1c65
expontt.com,AVAILABILITY,origin.list,origin.list,2021-10-02 06:17:44.174429,27f61cea2c04749adf4c1c65
expossumbar.com,AVAILABILITY,origin.list,origin.list,2021-10-02 06:17:45.886866,27f61cea2c04749adf4c1c65
fachmycasofa.com,AVAILABILITY,origin.list,origin.list,2021-10-02 06:17:50.293872,27f61cea2c04749adf4c1c65
fajar.co.id,AVAILABILITY,origin.list,origin.list,2021-10-02 06:17:54.188269,27f61cea2c04749adf4c1c65
fajarbali.co.id,AVAILABILITY,origin.list,origin.list,2021-10-02 06:17:56.793160,27f61cea2c04749adf4c1c65
fajarmanado.com,AVAILABILITY,origin.list,origin.list,2021-10-02 06:18:03.839039,27f61cea2c04749adf4c1c65
fajarsumatera.co.id,AVAILABILITY,origin.list,origin.list,2021-10-02 06:18:26.765928,27f61cea2c04749adf4c1c65
faktabali.com,AVAILABILITY,origin.list,origin.list,2021-10-02 06:18:28.758353,27f61cea2c04749adf4c1c65
faktabandungraya.com,AVAILABILITY,origin.list,origin.list,2021-10-02 06:18:31.506490,27f61cea2c04749adf4c1c65
faktabanten.co.id,AVAILABILITY,origin.list,origin.list,2021-10-02 06:18:35.479945,27f61cea2c04749adf4c1c65
faktahukumntt.com,AVAILABILITY,origin.list,origin.list,2021-10-02 06:18:39.339951,27f61cea2c04749adf4c1c65
faktajember.com,AVAILABILITY,origin.list,origin.list,2021-10-02 06:18:43.503891,27f61cea2c04749adf4c1c65
faktualnews.co,AVAILABILITY,origin.list,origin.list,2021-10-02 06:18:44.995003,27f61cea2c04749adf4c1c65
fazar.net,AVAILABILITY,origin.list,origin.list,2021-10-02 06:18:47.010657,27f61cea2c04749adf4c1c65
fb21.tv,AVAILABILITY,origin.list,origin.list,2021-10-02 06:18:50.053804,27f61cea2c04749adf4c1c65
fc-lc.com,AVAILABILITY,origin.list,origin.list,2021-10-02 06:18:50.738008,27f61cea2c04749adf4c1c65
fc.lc,AVAILABILITY,origin.list,origin.list,2021-10-02 06:18:52.041278,27f61cea2c04749adf4c1c65
fcc.lc,AVAILABILITY,origin.list,origin.list,2021-10-02 06:18:53.251569,27f61cea2c04749adf4c1c65
fedaro.me,AVAILABILITY,origin.list,origin.list,2021-10-02 06:18:54.137065,27f61cea2c04749adf4c1c65
feedme.id,AVAILABILITY,origin.list,origin.list,2021-10-02 06:18:59.035165,27f61cea2c04749adf4c1c65
fifaduniabola.blogspot.com,AVAILABILITY,origin.list,origin.list,2021-10-02 06:19:00.689839,27f61cea2c04749adf4c1c65
filebanner.com,AVAILABILITY,origin.list,origin.list,2021-10-02 06:19:01.973512,27f61cea2c04749adf4c1c65
filmboxoffice.web.id,AVAILABILITY,origin.list,origin.list,2021-10-02 06:19:06.534151,27f61cea2c04749adf4c1c65
filmindonesia2020.blogspot.com,AVAILABILITY,origin.list,origin.list,2021-10-02 06:19:08.125806,27f61cea2c04749adf4c1c65
filmonlineindo.com,AVAILABILITY,origin.list,origin.list,2021-10-02 06:19:10.307428,27f61cea2c04749adf4c1c65
fixsirrod.site,AVAILABILITY,origin.list,origin.list,2021-10-02 06:19:34.332499,27f61cea2c04749adf4c1c65
fjb.kaskus.co.id,AVAILABILITY,origin.list,origin.list,2021-10-02 06:19:36.602320,27f61cea2c04749adf4c1c65
fmoviez.org,AVAILABILITY,origin.list,origin.list,2021-10-02 06:19:37.669584,27f61cea2c04749adf4c1c65
fodz.xyz,AVAILABILITY,origin.list,origin.list,2021-10-02 06:19:41.404107,27f61cea2c04749adf4c1c65
fokusaktual.co.id,AVAILABILITY,origin.list,origin.list,2021-10-02 06:19:44.363003,27f61cea2c04749adf4c1c65
fokusnusatenggara.com,AVAILABILITY,origin.list,origin.list,2021-10-02 06:19:55.184665,27f61cea2c04749adf4c1c65
fokussumatera.com,AVAILABILITY,origin.list,origin.list,2021-10-02 06:19:57.035529,27f61cea2c04749adf4c1c65
followlike.net,AVAILABILITY,origin.list,origin.list,2021-10-02 06:20:00.289714,27f61cea2c04749adf4c1c65
forek.info,AVAILABILITY,origin.list,origin.list,2021-10-02 06:20:06.282114,27f61cea2c04749adf4c1c65
fornews.co,AVAILABILITY,origin.list,origin.list,2021-10-02 06:20:10.760788,27f61cea2c04749adf4c1c65
forumbitcoin.co.id,AVAILABILITY,origin.list,origin.list,2021-10-02 06:20:12.411835,27f61cea2c04749adf4c1c65
forumiklan.com,AVAILABILITY,origin.list,origin.list,2021-10-02 06:20:14.988747,27f61cea2c04749adf4c1c65
fotodovana.com,AVAILABILITY,origin.list,origin.list,2021-10-02 06:20:18.526314,27f61cea2c04749adf4c1c65
fpalondon.net,AVAILABILITY,origin.list,origin.list,2021-10-02 06:20:21.425389,27f61cea2c04749adf4c1c65
franchiseglobal.com,AVAILABILITY,origin.list,origin.list,2021-10-02 06:20:48.599797,27f61cea2c04749adf4c1c65
freshi.site,AVAILABILITY,origin.list,origin.list,2021-10-02 06:20:49.480155,27f61cea2c04749adf4c1c65
fromthebasement.tv,AVAILABILITY,origin.list,origin.list,2021-10-02 06:20:51.996874,27f61cea2c04749adf4c1c65
gabungyuk.com,AVAILABILITY,origin.list,origin.list,2021-10-02 06:20:54.150282,27f61cea2c04749adf4c1c65
gabut777.com,AVAILABILITY,origin.list,origin.list,2021-10-02 06:20:58.466052,27f61cea2c04749adf4c1c65
gabut777.net,AVAILABILITY,origin.list,origin.list,2021-10-02 06:21:02.978186,27f61cea2c04749adf4c1c65
gadgetren.com,AVAILABILITY,origin.list,origin.list,2021-10-02 06:21:04.507147,27f61cea2c04749adf4c1c65
gagasanriau.com,AVAILABILITY,origin.list,origin.list,2021-10-02 06:21:06.730612,27f61cea2c04749adf4c1c65
gagpetwet.com,AVAILABILITY,origin.list,origin.list,2021-10-02 06:21:07.796282,27f61cea2c04749adf4c1c65
gajiancoin.online,AVAILABILITY,origin.list,origin.list,2021-10-02 06:21:10.461906,27f61cea2c04749adf4c1c65
gajianyuk.com,AVAILABILITY,origin.list,origin.list,2021-10-02 06:21:11.929519,27f61cea2c04749adf4c1c65
gallerymodelmale.blogspot.com,AVAILABILITY,origin.list,origin.list,2021-10-02 06:21:13.072546,27f61cea2c04749adf4c1c65
game-kentang.blogspot.com,AVAILABILITY,origin.list,origin.list,2021-10-02 06:21:13.784015,27f61cea2c04749adf4c1c65
gamebolasepak.com,AVAILABILITY,origin.list,origin.list,2021-10-02 06:21:19.523654,27f61cea2c04749adf4c1c65
gamebrott.com,AVAILABILITY,origin.list,origin.list,2021-10-02 06:21:20.506575,27f61cea2c04749adf4c1c65
gamefinity.id,AVAILABILITY,origin.list,origin.list,2021-10-02 06:21:23.794771,27f61cea2c04749adf4c1c65
gardaasakota.com,AVAILABILITY,origin.list,origin.list,2021-10-02 06:21:27.011424,27f61cea2c04749adf4c1c65
gardamalaka.com,AVAILABILITY,origin.list,origin.list,2021-10-02 06:21:32.105319,27f61cea2c04749adf4c1c65
gardapapua.com,AVAILABILITY,origin.list,origin.list,2021-10-02 06:21:33.916691,27f61cea2c04749adf4c1c65
garismerahnews.com,AVAILABILITY,origin.list,origin.list,2021-10-02 06:21:36.756133,27f61cea2c04749adf4c1c65
garudadaily.com,AVAILABILITY,origin.list,origin.list,2021-10-02 06:21:40.018891,27f61cea2c04749adf4c1c65
garudapos.com,AVAILABILITY,origin.list,origin.list,2021-10-02 06:21:42.511640,27f61cea2c04749adf4c1c65
gatra.com,AVAILABILITY,origin.list,origin.list,2021-10-02 06:21:49.683049,27f61cea2c04749adf4c1c65
gatsunime.net,AVAILABILITY,origin.list,origin.list,2021-10-02 06:21:54.521351,27f61cea2c04749adf4c1c65
gbos.club,AVAILABILITY,origin.list,origin.list,2021-10-02 06:21:58.003196,27f61cea2c04749adf4c1c65
gcube.id,AVAILABILITY,origin.list,origin.list,2021-10-02 06:21:59.699156,27f61cea2c04749adf4c1c65
gebraknusantara.co.id,AVAILABILITY,origin.list,origin.list,2021-10-02 06:22:02.211896,27f61cea2c04749adf4c1c65
gebyarbola.org,AVAILABILITY,origin.list,origin.list,2021-10-02 06:22:03.387965,27f61cea2c04749adf4c1c65
geeq.id,AVAILABILITY,origin.list,origin.list,2021-10-02 06:22:07.479907,27f61cea2c04749adf4c1c65
gemasulawesi.com,AVAILABILITY,origin.list,origin.list,2021-10-02 06:22:09.842418,27f61cea2c04749adf4c1c65
geni.us,AVAILABILITY,origin.list,origin.list,2021-10-02 06:22:11.505906,27f61cea2c04749adf4c1c65
genpi.co,AVAILABILITY,origin.list,origin.list,2021-10-02 06:22:13.029777,27f61cea2c04749adf4c1c65
geograpik.blogspot.com,AVAILABILITY,origin.list,origin.list,2021-10-02 06:22:14.840663,27f61cea2c04749adf4c1c65
gerbangkepri.com,AVAILABILITY,origin.list,origin.list,2021-10-02 06:22:24.829071,27f61cea2c04749adf4c1c65
gerbangkrakatau.id,AVAILABILITY,origin.list,origin.list,2021-10-02 06:22:29.227469,27f61cea2c04749adf4c1c65
get4link.xyz,AVAILABILITY,origin.list,origin.list,2021-10-02 06:22:30.767317,27f61cea2c04749adf4c1c65
gg.gg,AVAILABILITY,origin.list,origin.list,2021-10-02 06:22:31.805184,27f61cea2c04749adf4c1c65
ggwp.id,AVAILABILITY,origin.list,origin.list,2021-10-02 06:22:34.674034,27f61cea2c04749adf4c1c65
giga74.com,AVAILABILITY,origin.list,origin.list,2021-10-02 06:22:35.942571,27f61cea2c04749adf4c1c65
gigapurbalingga.net,AVAILABILITY,origin.list,origin.list,2021-10-02 06:22:37.183266,27f61cea2c04749adf4c1c65
giladrakor.cc,AVAILABILITY,origin.list,origin.list,2021-10-02 06:22:38.920114,27f61cea2c04749adf4c1c65
gilakerja.com,AVAILABILITY,origin.list,origin.list,2021-10-02 06:22:40.482169,27f61cea2c04749adf4c1c65
globalinvesindonews.com,AVAILABILITY,origin.list,origin.list,2021-10-02 06:22:47.923168,27f61cea2c04749adf4c1c65
globalplanet.news,AVAILABILITY,origin.list,origin.list,2021-10-02 06:22:54.040293,27f61cea2c04749adf4c1c65
glory-link.com,AVAILABILITY,origin.list,origin.list,2021-10-02 06:22:54.723958,27f61cea2c04749adf4c1c65
gm2play.com,AVAILABILITY,origin.list,origin.list,2021-10-02 06:22:56.680646,27f61cea2c04749adf4c1c65
gmbsport.com,AVAILABILITY,origin.list,origin.list,2021-10-02 06:22:59.474773,27f61cea2c04749adf4c1c65
gmplay.asia,AVAILABILITY,origin.list,origin.list,2021-10-02 06:23:01.541889,27f61cea2c04749adf4c1c65
goal388.org,AVAILABILITY,origin.list,origin.list,2021-10-02 06:23:03.741619,27f61cea2c04749adf4c1c65
goanimedesu.net,AVAILABILITY,origin.list,origin.list,2021-10-02 06:23:07.297780,27f61cea2c04749adf4c1c65
goblintvfree.com,AVAILABILITY,origin.list,origin.list,2021-10-02 06:23:08.225051,27f61cea2c04749adf4c1c65
gogiok.com,AVAILABILITY,origin.list,origin.list,2021-10-02 06:23:09.372132,27f61cea2c04749adf4c1c65
gol699.com,AVAILABILITY,origin.list,origin.list,2021-10-02 06:23:12.631037,27f61cea2c04749adf4c1c65
goldennews.co.id,AVAILABILITY,origin.list,origin.list,2021-10-02 06:23:19.546329,27f61cea2c04749adf4c1c65
golpaten.blogspot.com,AVAILABILITY,origin.list,origin.list,2021-10-02 06:23:21.077668,27f61cea2c04749adf4c1c65
gomentod.com,AVAILABILITY,origin.list,origin.list,2021-10-02 06:23:23.478434,27f61cea2c04749adf4c1c65
gomunime.red,AVAILABILITY,origin.list,origin.list,2021-10-02 06:23:25.609735,27f61cea2c04749adf4c1c65
goodnewsfromindonesia.id,AVAILABILITY,origin.list,origin.list,2021-10-02 06:23:27.545055,27f61cea2c04749adf4c1c65
goozir.com,AVAILABILITY,origin.list,origin.list,2021-10-02 06:23:30.676359,27f61cea2c04749adf4c1c65
gopos.id,AVAILABILITY,origin.list,origin.list,2021-10-02 06:23:34.122124,27f61cea2c04749adf4c1c65
goraps.com,AVAILABILITY,origin.list,origin.list,2021-10-02 06:23:35.909464,27f61cea2c04749adf4c1c65
goriau.com,AVAILABILITY,origin.list,origin.list,2021-10-02 06:23:40.035330,27f61cea2c04749adf4c1c65
gosemuts.site,AVAILABILITY,origin.list,origin.list,2021-10-02 06:23:41.512532,27f61cea2c04749adf4c1c65
gosipyuk.com,AVAILABILITY,origin.list,origin.list,2021-10-02 06:23:42.771829,27f61cea2c04749adf4c1c65
gotvnews.co.id,AVAILABILITY,origin.list,origin.list,2021-10-02 06:23:46.871589,27f61cea2c04749adf4c1c65
gpmojo.co,AVAILABILITY,origin.list,origin.list,2021-10-02 06:23:48.015504,27f61cea2c04749adf4c1c65
grairgos.net,AVAILABILITY,origin.list,origin.list,2021-10-02 06:23:49.067544,27f61cea2c04749adf4c1c65
gresiknews.co,AVAILABILITY,origin.list,origin.list,2021-10-02 06:23:56.593790,27f61cea2c04749adf4c1c65
grid.id,AVAILABILITY,origin.list,origin.list,2021-10-02 06:23:58.873860,27f61cea2c04749adf4c1c65
gridoto.com,AVAILABILITY,origin.list,origin.list,2021-10-02 06:24:00.581198,27f61cea2c04749adf4c1c65
gudang.poker,AVAILABILITY,origin.list,origin.list,2021-10-02 06:24:02.800057,27f61cea2c04749adf4c1c65
gudangbanner.com,AVAILABILITY,origin.list,origin.list,2021-10-02 06:24:04.097186,27f61cea2c04749adf4c1c65
gudangpemain.com,AVAILABILITY,origin.list,origin.list,2021-10-02 06:24:05.884872,27f61cea2c04749adf4c1c65
guru-id.com,AVAILABILITY,origin.list,origin.list,2021-10-02 06:24:06.772189,27f61cea2c04749adf4c1c65
habanusantara.net,AVAILABILITY,origin.list,origin.list,2021-10-02 06:24:09.706288,27f61cea2c04749adf4c1c65
hai.grid.id,AVAILABILITY,origin.list,origin.list,2021-10-02 06:24:10.885903,27f61cea2c04749adf4c1c65
haibunda.com,AVAILABILITY,origin.list,origin.list,2021-10-02 06:24:12.566143,27f61cea2c04749adf4c1c65
hakamovie.vip,AVAILABILITY,origin.list,origin.list,2021-10-02 06:24:15.174235,27f61cea2c04749adf4c1c65
halal.ad,AVAILABILITY,origin.list,origin.list,2021-10-02 06:24:16.874496,27f61cea2c04749adf4c1c65
halamansembilan.com,AVAILABILITY,origin.list,origin.list,2021-10-02 06:24:20.382187,27f61cea2c04749adf4c1c65
halmaherapost.com,AVAILABILITY,origin.list,origin.list,2021-10-02 06:24:22.836188,27f61cea2c04749adf4c1c65
halopaginews.com,AVAILABILITY,origin.list,origin.list,2021-10-02 06:24:28.163738,27f61cea2c04749adf4c1c65
halopantura.com,AVAILABILITY,origin.list,origin.list,2021-10-02 06:24:31.737393,27f61cea2c04749adf4c1c65
halosumsel.co.id,AVAILABILITY,origin.list,origin.list,2021-10-02 06:24:34.470971,27f61cea2c04749adf4c1c65
haluan.co,AVAILABILITY,origin.list,origin.list,2021-10-02 06:24:35.873600,27f61cea2c04749adf4c1c65
haluankepri.com,AVAILABILITY,origin.list,origin.list,2021-10-02 06:24:38.464742,27f61cea2c04749adf4c1c65
haluanriau.co,AVAILABILITY,origin.list,origin.list,2021-10-02 06:24:40.337211,27f61cea2c04749adf4c1c65
haluansumatera.com,AVAILABILITY,origin.list,origin.list,2021-10-02 06:24:47.704974,27f61cea2c04749adf4c1c65
hantaran.co,AVAILABILITY,origin.list,origin.list,2021-10-02 06:25:06.225966,27f61cea2c04749adf4c1c65
happistar.com,AVAILABILITY,origin.list,origin.list,2021-10-02 06:25:07.762791,27f61cea2c04749adf4c1c65
happistar8.com,AVAILABILITY,origin.list,origin.list,2021-10-02 06:25:08.880353,27f61cea2c04749adf4c1c65
haramainsoftware.com,AVAILABILITY,origin.list,origin.list,2021-10-02 06:25:13.970574,27f61cea2c04749adf4c1c65
harapanrakyat.com,AVAILABILITY,origin.list,origin.list,2021-10-02 06:25:19.176199,27f61cea2c04749adf4c1c65
hargawebsite.com,AVAILABILITY,origin.list,origin.list,2021-10-02 06:25:24.617537,27f61cea2c04749adf4c1c65
harianbhirawa.com,AVAILABILITY,origin.list,origin.list,2021-10-02 06:25:26.236375,27f61cea2c04749adf4c1c65
harianhaluan.com,AVAILABILITY,origin.list,origin.list,2021-10-02 06:25:29.458913,27f61cea2c04749adf4c1c65
harianjogja.com,AVAILABILITY,origin.list,origin.list,2021-10-02 06:25:32.433795,27f61cea2c04749adf4c1c65
hariankepri.com,AVAILABILITY,origin.list,origin.list,2021-10-02 06:25:34.271634,27f61cea2c04749adf4c1c65
