idna_subject,checker_type,destination,tested_at
s.kamerafoto.net,AVAILABILITY,origin.list,2021-07-10 10:54:38.975438
206.189.37.247,AVAILABILITY,origin.list,2021-07-10 12:20:08.813233
aseanbanner.tk,AVAILABILITY,origin.list,2021-07-10 17:04:54.986836
link.kangapip.com,AVAILABILITY,origin.list,2021-07-11 00:21:50.818846
suara45.com,AVAILABILITY,origin.list,2021-07-11 00:22:09.530149
31.220.111.78,AVAILABILITY,origin.list,2021-07-11 00:22:42.421176
159.65.15.84,AVAILABILITY,origin.list,2021-07-11 00:22:46.466525
ashaidbit.club,AVAILABILITY,origin.list,2021-07-11 00:23:01.232661
bos21.bar,AVAILABILITY,origin.list,2021-07-11 00:23:15.976446
cinemaindo.watch,AVAILABILITY,origin.list,2021-07-11 00:23:30.714707
dir.ect.link,AVAILABILITY,origin.list,2021-07-11 00:23:45.496331
downloadvideogratiss.blogspot.com,AVAILABILITY,origin.list,2021-07-11 00:23:50.379802
dramaku.red,AVAILABILITY,origin.list,2021-07-11 00:23:54.873479
klub4d.xyz,AVAILABILITY,origin.list,2021-07-11 00:24:09.688566
liputan8.com,AVAILABILITY,origin.list,2021-07-11 00:24:32.384462
netnot21.xyz,AVAILABILITY,origin.list,2021-07-11 00:24:47.146789
onestopmovie.net,AVAILABILITY,origin.list,2021-07-11 00:25:01.859760
quilee.pw,AVAILABILITY,origin.list,2021-07-11 00:25:16.791494
siapbos21.com,AVAILABILITY,origin.list,2021-07-11 00:25:28.068073
162.212.153.22,AVAILABILITY,origin.list,2021-07-11 08:12:20.224060
103.197.58.59,AVAILABILITY,origin.list,2021-07-11 09:03:08.769435
206.189.33.53,AVAILABILITY,origin.list,2021-07-11 09:03:20.402705
91.233.198.78,AVAILABILITY,origin.list,2021-07-11 09:03:38.865456
91.233.198.98,AVAILABILITY,origin.list,2021-07-11 09:03:43.613362
91.233.198.99,AVAILABILITY,origin.list,2021-07-11 09:03:48.212657
syilent.blogspot.com,AVAILABILITY,origin.list,2021-07-11 09:21:06.504656
antburape.club,AVAILABILITY,origin.list,2021-07-11 09:21:21.230968
kompaswisata.com,AVAILABILITY,origin.list,2021-07-11 09:21:27.386805
beritaasatu.com,AVAILABILITY,origin.list,2021-07-11 09:21:50.207426
pkrace99.id,AVAILABILITY,origin.list,2021-07-11 09:21:54.659108
jefriapriyandi.com,AVAILABILITY,origin.list,2021-07-11 09:22:01.003281
rikucan.com,AVAILABILITY,origin.list,2021-07-11 09:22:23.316375
maxim4d.cc,AVAILABILITY,origin.list,2021-07-11 09:22:27.549306
kurniayoung.com,AVAILABILITY,origin.list,2021-07-11 09:22:50.080334
159.65.7.78,AVAILABILITY,origin.list,2021-07-11 09:22:55.403119
204.48.22.58,AVAILABILITY,origin.list,2021-07-11 09:22:59.644514
206.189.151.55,AVAILABILITY,origin.list,2021-07-11 09:23:04.963611
ace4d.me,AVAILABILITY,origin.list,2021-07-11 09:23:19.715897
agenimc5.com,AVAILABILITY,origin.list,2021-07-11 09:23:24.053622
agungqiu.org,AVAILABILITY,origin.list,2021-07-11 09:23:28.447016
ahasagicy.site,AVAILABILITY,origin.list,2021-07-11 09:23:32.794754
aibouanime.xyz,AVAILABILITY,origin.list,2021-07-11 09:23:37.153813
aidalbark.site,AVAILABILITY,origin.list,2021-07-11 09:23:41.492023
aimaniape.club,AVAILABILITY,origin.list,2021-07-11 09:23:45.721637
airartapt.site,AVAILABILITY,origin.list,2021-07-11 09:23:50.034463
aiwhebey.com,AVAILABILITY,origin.list,2021-07-11 09:23:54.265017
aleaidass.site,AVAILABILITY,origin.list,2021-07-11 09:23:58.578873
ambyar.info,AVAILABILITY,origin.list,2021-07-11 09:24:02.903062
animekuro.net,AVAILABILITY,origin.list,2021-07-11 09:24:33.380676
anirocksite.com,AVAILABILITY,origin.list,2021-07-11 09:24:38.717308
anitoki.web.id,AVAILABILITY,origin.list,2021-07-11 09:24:43.154726
apearmare.site,AVAILABILITY,origin.list,2021-07-11 09:24:47.567756
aptalebow.site,AVAILABILITY,origin.list,2021-07-11 09:24:51.950586
arcaukalb.site,AVAILABILITY,origin.list,2021-07-11 09:24:56.357613
armaimapt.club,AVAILABILITY,origin.list,2021-07-11 09:25:00.685197
asetnet.live,AVAILABILITY,origin.list,2021-07-11 09:25:05.044655
ashbowany.site,AVAILABILITY,origin.list,2021-07-11 09:25:09.449184
bestvideo2019.xyz,AVAILABILITY,origin.list,2021-07-11 09:25:13.857721
bigfish22.com,AVAILABILITY,origin.list,2021-07-11 09:25:18.242363
bola.kim,AVAILABILITY,origin.list,2021-07-11 09:25:22.824985
boomxx1.online,AVAILABILITY,origin.list,2021-07-11 09:25:47.919910
boomxxi.us,AVAILABILITY,origin.list,2021-07-11 09:26:18.815930
bromo.poker,AVAILABILITY,origin.list,2021-07-11 09:26:23.441191
cangkal.info,AVAILABILITY,origin.list,2021-07-11 09:26:27.915829
cawsodpet.club,AVAILABILITY,origin.list,2021-07-11 09:26:32.148927
clickmedia.co.id,AVAILABILITY,origin.list,2021-07-11 09:26:36.456589
cryaptall.club,AVAILABILITY,origin.list,2021-07-11 09:26:51.193519
data4dd.com,AVAILABILITY,origin.list,2021-07-11 09:27:13.799607
datahk69.com,AVAILABILITY,origin.list,2021-07-11 09:27:44.228420
dayadopen.site,AVAILABILITY,origin.list,2021-07-11 09:27:48.616455
domino224.com,AVAILABILITY,origin.list,2021-07-11 09:27:52.878112
droidtamvan.me,AVAILABILITY,origin.list,2021-07-11 09:27:57.240942
duniajodoh.net,AVAILABILITY,origin.list,2021-07-11 09:28:01.591664
edukasibitcoin.com,AVAILABILITY,origin.list,2021-07-11 09:28:08.911933
fatbuydoc.com,AVAILABILITY,origin.list,2021-07-11 09:28:13.210694
fawenys.xyz,AVAILABILITY,origin.list,2021-07-11 09:28:17.525260
filmindo.stream,AVAILABILITY,origin.list,2021-07-11 09:28:21.786287
filmindo.vip,AVAILABILITY,origin.list,2021-07-11 09:28:26.171803
geunta.com,AVAILABILITY,origin.list,2021-07-11 09:28:48.393143
hagobola.org,AVAILABILITY,origin.list,2021-07-11 09:28:54.845758
hisfryyes.com,AVAILABILITY,origin.list,2021-07-11 09:28:59.262618
hitsbola.id,AVAILABILITY,origin.list,2021-07-11 09:29:03.579514
indigitz.org,AVAILABILITY,origin.list,2021-07-11 09:29:07.947833
indodatasgp.com,AVAILABILITY,origin.list,2021-07-11 09:29:12.299455
inibogor.com,AVAILABILITY,origin.list,2021-07-11 09:29:17.480080
itc303.com,AVAILABILITY,origin.list,2021-07-11 09:29:21.894045
itteholm.site,AVAILABILITY,origin.list,2021-07-11 09:29:26.245082
ivstracker.net,AVAILABILITY,origin.list,2021-07-11 09:29:30.725954
jodklub.online,AVAILABILITY,origin.list,2021-07-11 09:29:35.130796
jospoker.today,AVAILABILITY,origin.list,2021-07-11 09:29:39.378461
jotskymay.club,AVAILABILITY,origin.list,2021-07-11 09:29:43.662520
juraganasli.com,AVAILABILITY,origin.list,2021-07-11 09:29:48.048572
kabarboltim.com,AVAILABILITY,origin.list,2021-07-11 09:29:52.389896
kabarviral79.com,AVAILABILITY,origin.list,2021-07-11 09:29:57.482760
kaltengpos.co,AVAILABILITY,origin.list,2021-07-11 09:30:01.885058
kangparlay.com,AVAILABILITY,origin.list,2021-07-11 09:30:06.226300
kenfeeask.com,AVAILABILITY,origin.list,2021-07-11 09:30:10.544951
kertashitam.com,AVAILABILITY,origin.list,2021-07-11 09:30:14.850267
khususvip.com,AVAILABILITY,origin.list,2021-07-11 09:30:19.153860
kingdompaito.com,AVAILABILITY,origin.list,2021-07-11 09:30:23.479061
komikindo.web.id,AVAILABILITY,origin.list,2021-07-11 09:30:38.507149
kordramass.com,AVAILABILITY,origin.list,2021-07-11 09:30:42.765754
kotakbiru.casa,AVAILABILITY,origin.list,2021-07-11 09:30:47.233691
kucing303.com,AVAILABILITY,origin.list,2021-07-11 09:30:55.465202
livehk6d.org,AVAILABILITY,origin.list,2021-07-11 09:30:59.841141
liveresultsydney.net,AVAILABILITY,origin.list,2021-07-11 09:31:04.150418
livesydney.website,AVAILABILITY,origin.list,2021-07-11 09:31:08.479882
lk21.dev,AVAILABILITY,origin.list,2021-07-11 09:31:12.932739
lndoxxi.com,AVAILABILITY,origin.list,2021-07-11 09:31:17.220098
loginmkv.com,AVAILABILITY,origin.list,2021-07-11 09:31:31.962331
loppjod.online,AVAILABILITY,origin.list,2021-07-11 09:31:36.242380
maachanime.com,AVAILABILITY,origin.list,2021-07-11 09:31:40.519030
madplypie.club,AVAILABILITY,origin.list,2021-07-11 09:31:44.793735
mediatulis.net,AVAILABILITY,origin.list,2021-07-11 09:31:49.148013
mehherrig.com,AVAILABILITY,origin.list,2021-07-11 09:31:53.427805
mehhueboy.club,AVAILABILITY,origin.list,2021-07-11 09:31:57.720931
melongmovie.com,AVAILABILITY,origin.list,2021-07-11 09:32:12.474975
meowcitizen.com,AVAILABILITY,origin.list,2021-07-11 09:32:17.831845
newparadise.xyz,AVAILABILITY,origin.list,2021-07-11 09:32:22.156667
newsteez.com,AVAILABILITY,origin.list,2021-07-11 09:32:44.384361
nmcberita.id,AVAILABILITY,origin.list,2021-07-11 09:32:51.113168
nobarfilm21.top,AVAILABILITY,origin.list,2021-07-11 09:32:56.001537
noblemagnition.com,AVAILABILITY,origin.list,2021-07-11 09:33:00.344737
ockoken.site,AVAILABILITY,origin.list,2021-07-11 09:33:04.686952
olineman.pro,AVAILABILITY,origin.list,2021-07-11 09:33:09.015143
onlineindonesia.tech,AVAILABILITY,origin.list,2021-07-11 09:33:13.406525
partyhomedecor.com,AVAILABILITY,origin.list,2021-07-11 09:33:17.801540
payseluler.com,AVAILABILITY,origin.list,2021-07-11 09:33:22.123247
pigaimhop.com,AVAILABILITY,origin.list,2021-07-11 09:33:26.379970
pilaradiocirebon.com,AVAILABILITY,origin.list,2021-07-11 09:33:30.733007
plantqo.website,AVAILABILITY,origin.list,2021-07-11 09:33:35.088018
polo303.us,AVAILABILITY,origin.list,2021-07-11 09:33:39.348086
promosi365.me,AVAILABILITY,origin.list,2021-07-11 09:33:43.673591
publish.web.id,AVAILABILITY,origin.list,2021-07-11 09:33:51.228484
puebaraka.com,AVAILABILITY,origin.list,2021-07-11 09:34:09.496175
rakosa-fm.co.id,AVAILABILITY,origin.list,2021-07-11 09:34:18.540157
razorlink.us,AVAILABILITY,origin.list,2021-07-11 09:34:22.885219
rumahzeus.com,AVAILABILITY,origin.list,2021-07-11 09:34:27.198680
sebariklanbaris.com,AVAILABILITY,origin.list,2021-07-11 09:34:49.612200
sebariklanbaris.net,AVAILABILITY,origin.list,2021-07-11 09:34:53.892750
sentrapromosi.com,AVAILABILITY,origin.list,2021-07-11 09:35:16.703866
shiokambing2.com,AVAILABILITY,origin.list,2021-07-11 09:35:21.182808
soranime.site,AVAILABILITY,origin.list,2021-07-11 09:35:25.568652
speedlinkdown.com,AVAILABILITY,origin.list,2021-07-11 09:35:29.843616
sportt.space,AVAILABILITY,origin.list,2021-07-11 09:35:34.386147
storiespace.com,AVAILABILITY,origin.list,2021-07-11 09:35:38.698449
studentpreneur.co,AVAILABILITY,origin.list,2021-07-11 09:35:53.371657
superitc.biz,AVAILABILITY,origin.list,2021-07-11 09:36:08.065288
superitc.xyz,AVAILABILITY,origin.list,2021-07-11 09:36:22.825153
sviklutt.site,AVAILABILITY,origin.list,2021-07-11 09:36:27.133904
syairpaktuntung.com,AVAILABILITY,origin.list,2021-07-11 09:36:32.110283
sydneypoolstoday.info,AVAILABILITY,origin.list,2021-07-11 09:36:36.394394
target4d.xyz,AVAILABILITY,origin.list,2021-07-11 09:36:40.692982
teknosafe.info,AVAILABILITY,origin.list,2021-07-11 09:36:44.999781
ojeergoy.com,AVAILABILITY,origin.list,2021-07-11 09:36:49.377609
thegreenblog.net,AVAILABILITY,origin.list,2021-07-11 09:36:53.706934
tinfunshe.club,AVAILABILITY,origin.list,2021-07-11 09:36:58.069744
unduh.in,AVAILABILITY,origin.list,2021-07-11 09:37:02.547528
uplink.my.id,AVAILABILITY,origin.list,2021-07-11 09:37:07.005179
warna365.net,AVAILABILITY,origin.list,2021-07-11 09:37:11.379619
wikiall.org,AVAILABILITY,origin.list,2021-07-11 09:37:16.022577
ypiaflash.com,AVAILABILITY,origin.list,2021-07-11 09:37:20.319512
!,AVAILABILITY,origin.list,2021-07-11 09:37:23.626909
103.10.200.41,AVAILABILITY,origin.list,2021-07-11 09:37:28.956996
103.10.200.45,AVAILABILITY,origin.list,2021-07-11 09:37:34.252921
103.10.200.48,AVAILABILITY,origin.list,2021-07-11 09:37:39.648348
103.10.200.57,AVAILABILITY,origin.list,2021-07-11 09:37:44.897375
103.10.200.61,AVAILABILITY,origin.list,2021-07-11 09:37:50.717575
103.10.200.62,AVAILABILITY,origin.list,2021-07-11 09:37:57.224900
103.10.200.63,AVAILABILITY,origin.list,2021-07-11 09:38:03.332182
103.10.201.23,AVAILABILITY,origin.list,2021-07-11 09:38:09.152426
103.10.201.25,AVAILABILITY,origin.list,2021-07-11 09:38:16.193331
103.10.201.26,AVAILABILITY,origin.list,2021-07-11 09:38:22.490990
103.53.199.102,AVAILABILITY,origin.list,2021-07-11 09:38:46.054235
103.57.191.201,AVAILABILITY,origin.list,2021-07-11 09:38:51.649781
104.219.251.51,AVAILABILITY,origin.list,2021-07-11 09:38:56.641709
128.199.117.89,AVAILABILITY,origin.list,2021-07-11 09:39:02.179645
128.199.127.22,AVAILABILITY,origin.list,2021-07-11 09:39:06.910898
128.199.142.177,AVAILABILITY,origin.list,2021-07-11 09:39:12.637254
128.199.222.9,AVAILABILITY,origin.list,2021-07-11 09:39:17.583230
128.199.249.166,AVAILABILITY,origin.list,2021-07-11 09:39:24.239682
128.199.69.164,AVAILABILITY,origin.list,2021-07-11 09:39:29.085194
128.199.88.77,AVAILABILITY,origin.list,2021-07-11 09:39:33.500992
139.59.96.74,AVAILABILITY,origin.list,2021-07-11 09:39:38.996504
156.67.221.184,AVAILABILITY,origin.list,2021-07-11 09:40:02.792459
157.230.243.61,AVAILABILITY,origin.list,2021-07-11 09:40:07.361937
157.230.40.9,AVAILABILITY,origin.list,2021-07-11 09:40:30.852812
159.65.234.80,AVAILABILITY,origin.list,2021-07-11 09:40:34.639268
159.89.196.139,AVAILABILITY,origin.list,2021-07-11 09:40:38.969894
159.89.207.166,AVAILABILITY,origin.list,2021-07-11 09:40:43.426911
162.212.158.166,AVAILABILITY,origin.list,2021-07-11 09:41:06.916314
162.243.173.12,AVAILABILITY,origin.list,2021-07-11 09:57:30.518412
165.22.49.222,AVAILABILITY,origin.list,2021-07-11 09:57:35.794058
167.114.18.218,AVAILABILITY,origin.list,2021-07-11 09:57:40.094591
167.71.194.254,AVAILABILITY,origin.list,2021-07-11 09:57:45.624401
167.71.200.252,AVAILABILITY,origin.list,2021-07-11 09:57:50.862936
167.99.42.206,AVAILABILITY,origin.list,2021-07-11 09:57:55.115988
167.99.65.215,AVAILABILITY,origin.list,2021-07-11 09:58:00.682609
178.128.202.118,AVAILABILITY,origin.list,2021-07-11 09:58:04.673188
178.128.21.251,AVAILABILITY,origin.list,2021-07-11 09:58:10.171338
178.128.22.64,AVAILABILITY,origin.list,2021-07-11 09:58:15.515367
178.128.63.218,AVAILABILITY,origin.list,2021-07-11 09:58:20.648994
188.166.228.179,AVAILABILITY,origin.list,2021-07-11 09:58:25.498703
192.158.234.116,AVAILABILITY,origin.list,2021-07-11 09:58:48.912010
192.175.104.71,AVAILABILITY,origin.list,2021-07-11 09:58:53.140899
199.192.17.2,AVAILABILITY,origin.list,2021-07-11 09:58:57.427236
199.192.27.14,AVAILABILITY,origin.list,2021-07-11 09:59:21.004660
206.189.121.4,AVAILABILITY,origin.list,2021-07-11 09:59:25.167952
206.189.175.126,AVAILABILITY,origin.list,2021-07-11 09:59:48.672154
206.189.80.240,AVAILABILITY,origin.list,2021-07-11 09:59:54.351329
209.97.172.135,AVAILABILITY,origin.list,2021-07-11 09:59:59.762862
47.252.1.213,AVAILABILITY,origin.list,2021-07-11 10:00:23.506263
68.183.218.223,AVAILABILITY,origin.list,2021-07-11 10:00:46.862011
88.201.165.9,AVAILABILITY,origin.list,2021-07-11 10:01:12.977758
93.188.162.66,AVAILABILITY,origin.list,2021-07-11 10:01:16.769967
93.188.163.21,AVAILABILITY,origin.list,2021-07-11 10:01:20.622095
94.176.236.16,AVAILABILITY,origin.list,2021-07-11 10:01:24.930143
drakorlive.xyz,AVAILABILITY,origin.list,2021-07-11 10:01:29.281069
gettradr.com,AVAILABILITY,origin.list,2021-07-11 10:01:43.642850
shorten.sh,AVAILABILITY,origin.list,2021-07-11 10:01:58.041319
lgemas.com,AVAILABILITY,origin.list,2021-07-11 10:02:02.337180
165.22.54.56,AVAILABILITY,origin.list,2021-07-11 10:02:07.339737
178.128.103.205,AVAILABILITY,origin.list,2021-07-11 10:02:12.021180
1001win.bid,AVAILABILITY,origin.list,2021-07-11 10:02:16.423960
1001win.fun,AVAILABILITY,origin.list,2021-07-11 10:02:21.065427
1001win.loan,AVAILABILITY,origin.list,2021-07-11 10:02:25.461465
1001win.net,AVAILABILITY,origin.list,2021-07-11 10:02:29.733466
1001win.org,AVAILABILITY,origin.list,2021-07-11 10:02:33.962441
1001win.site,AVAILABILITY,origin.list,2021-07-11 10:02:38.098973
123klik.xyz,AVAILABILITY,origin.list,2021-07-11 10:02:42.371125
128.199.102.136,AVAILABILITY,origin.list,2021-07-11 10:02:46.908654
149.3.170.35,AVAILABILITY,origin.list,2021-07-11 10:02:51.323600
185.63.253.33,AVAILABILITY,origin.list,2021-07-11 10:03:15.096938
198.204.248.230,AVAILABILITY,origin.list,2021-07-11 10:03:38.710310
1xdota2.com,AVAILABILITY,origin.list,2021-07-11 10:03:43.002183
1xdota2.net,AVAILABILITY,origin.list,2021-07-11 10:03:47.274788
1xliga.net,AVAILABILITY,origin.list,2021-07-11 10:03:51.680772
mmsubs.com,AVAILABILITY,origin.list,2021-07-11 10:03:56.025893
156.67.221.129,AVAILABILITY,origin.list,2021-07-11 10:04:27.499825
ligapool.org,AVAILABILITY,origin.list,2021-07-11 10:04:50.408941
